FILE;STEP;ORIGEN;;;OUTPUT;;;COLUMNS;;;;TRANSFORMATIONS;;?
text.sas;;ESQUEMA;NAME;ALIAS;ESQUEMA;NAME;ALIAS;ALIAS;ALIAS ORIGEN;T.ORIGEN;DATO/CALCULO;FILTRO;GROUP;ORDER
text.sas;1;oraggcom;canvi_oficial;AUXILIAR;WORK;tipos_cambio;undefined;*;undefined;canvi_oficial;*;where data_cre='31dec2018:0:0:0'dt and DIVISA='GBP' ;;;
text.sas;1;oraggcom;canvi_oficial;AUXILIAR;WORK;tipos_cambio;undefined;CAT;undefined;canvi_oficial;'3281';where data_cre='31dec2018:0:0:0'dt and DIVISA='GBP' ;;;
text.sas;2;bsco_4;PLANTILLA_3281;undefined;WORK;TEST_3281;undefined;TEMPLATE;undefined;PLANTILLA_3281;TEMPLATE;;;BY TEMPLATE DATA_EXTRA ROW
text.sas;2;bsco_4;PLANTILLA_3281;undefined;WORK;TEST_3281;undefined;DATA_EXTRA;undefined;PLANTILLA_3281;DATA_EXTRA;;;BY TEMPLATE DATA_EXTRA ROW
text.sas;2;bsco_4;PLANTILLA_3281;undefined;WORK;TEST_3281;undefined;ROW;undefined;PLANTILLA_3281;ROW;;;BY TEMPLATE DATA_EXTRA ROW
text.sas;2;bsco_4;PLANTILLA_3281;undefined;WORK;TEST_3281;undefined;C:;undefined;PLANTILLA_3281;C:;;;BY TEMPLATE DATA_EXTRA ROW
text.sas;3;WORK;TEST_3281;AUXILIAR;WORK;TEST2_3281;undefined;*;undefined;TEST_3281;*;;;
text.sas;3;WORK;TEST_3281;AUXILIAR;WORK;TEST2_3281;undefined;C_PDxEAD;undefined;TEST_3281;C010*C110*100;;;
text.sas;3;WORK;TEST_3281;AUXILIAR;WORK;TEST2_3281;undefined;C_LGDxEAD;undefined;TEST_3281;C230*(C110-C140)*100;;;
text.sas;3;WORK;TEST_3281;AUXILIAR;WORK;TEST2_3281;undefined;C_LGDEFxEAD;undefined;TEST_3281;C240*C140*100;;;
text.sas;3;WORK;TEST_3281;AUXILIAR;WORK;TEST2_3281;undefined;C_MxEAD;undefined;TEST_3281;C250*C110;;;
text.sas;4;WORK;TEST2_3281;undefined;WORK;TEST3_3281;undefined;NO;COLUMNS;DEFINED;;;;BY TEMPLATE DATA_EXTRA ROW
text.sas;5;WORK;TEST3_3281;AUXILIAR;WORK;CAMBIO_MILES;undefined;AUXILIAR.template;AUXILIAR;TEST3_3281;template;;;
text.sas;5;WORK;TEST3_3281;AUXILIAR;WORK;CAMBIO_MILES;undefined;AUXILIAR.data_extra;AUXILIAR;TEST3_3281;data_extra;;;
text.sas;5;WORK;TEST3_3281;AUXILIAR;WORK;CAMBIO_MILES;undefined;AUXILIAR.row;AUXILIAR;TEST3_3281;row;;;
text.sas;5;WORK;TEST3_3281;AUXILIAR;WORK;CAMBIO_MILES;undefined;AUXILIAR.COL;AUXILIAR;TEST3_3281;COL;;;
text.sas;5;WORK;TEST3_3281;AUXILIAR;WORK;CAMBIO_MILES;undefined;IMPORTE;AUXILIAR;TEST3_3281;COL1;;;
text.sas;5;WORK;TEST3_3281;AUXILIAR;WORK;CAMBIO_MILES;undefined;TIPO_CAMBIO;AUXILIAR2;TIPOS_CAMBIO;CANV_FIT*1000;;;
text.sas;5;WORK;TIPOS_CAMBIO;AUXILIAR2;WORK;CAMBIO_MILES;undefined;AUXILIAR.template;AUXILIAR;TEST3_3281;template;;;
text.sas;5;WORK;TIPOS_CAMBIO;AUXILIAR2;WORK;CAMBIO_MILES;undefined;AUXILIAR.data_extra;AUXILIAR;TEST3_3281;data_extra;;;
text.sas;5;WORK;TIPOS_CAMBIO;AUXILIAR2;WORK;CAMBIO_MILES;undefined;AUXILIAR.row;AUXILIAR;TEST3_3281;row;;;
text.sas;5;WORK;TIPOS_CAMBIO;AUXILIAR2;WORK;CAMBIO_MILES;undefined;AUXILIAR.COL;AUXILIAR;TEST3_3281;COL;;;
text.sas;5;WORK;TIPOS_CAMBIO;AUXILIAR2;WORK;CAMBIO_MILES;undefined;IMPORTE;AUXILIAR;TEST3_3281;COL1;;;
text.sas;5;WORK;TIPOS_CAMBIO;AUXILIAR2;WORK;CAMBIO_MILES;undefined;TIPO_CAMBIO;AUXILIAR2;TIPOS_CAMBIO;CANV_FIT*1000;;;
text.sas;6;WORK;CAMBIO_MILES;AUXILIAR;WORK;CAMBIO_3281;undefined;AUXILIAR.template;AUXILIAR;CAMBIO_MILES;template;WHERE AUXILIAR.IMPORTE NOT=0 ;;;
text.sas;6;WORK;CAMBIO_MILES;AUXILIAR;WORK;CAMBIO_3281;undefined;AUXILIAR.data_extra;AUXILIAR;CAMBIO_MILES;data_extra;WHERE AUXILIAR.IMPORTE NOT=0 ;;;
text.sas;6;WORK;CAMBIO_MILES;AUXILIAR;WORK;CAMBIO_3281;undefined;AUXILIAR.row;AUXILIAR;CAMBIO_MILES;row;WHERE AUXILIAR.IMPORTE NOT=0 ;;;
text.sas;6;WORK;CAMBIO_MILES;AUXILIAR;WORK;CAMBIO_3281;undefined;AUXILIAR.COL;AUXILIAR;CAMBIO_MILES;COL;WHERE AUXILIAR.IMPORTE NOT=0 ;;;
text.sas;6;WORK;CAMBIO_MILES;AUXILIAR;WORK;CAMBIO_3281;undefined;AUXILIAR.IMPORTE;AUXILIAR;CAMBIO_MILES;IMPORTE;WHERE AUXILIAR.IMPORTE NOT=0 ;;;
text.sas;6;WORK;CAMBIO_MILES;AUXILIAR;WORK;CAMBIO_3281;undefined;IMPORTE_mEUR;undefined;CAMBIO_MILES;case when COL IN ('C010','C230','C240','C250','C300') then IMPORTE else IMPORTE/TIPO_CAMBIO end ;WHERE AUXILIAR.IMPORTE NOT=0 ;;;
text.sas;7;WORK;CAMBIO_3281;t1;WORK;TABLA_3281_TSB;undefined;COREP;t1;CAMBIO_3281;template;;;
text.sas;7;WORK;CAMBIO_3281;t1;WORK;TABLA_3281_TSB;undefined;CATEGO;t1;CAMBIO_3281;data_extra;;;
text.sas;7;WORK;CAMBIO_3281;t1;WORK;TABLA_3281_TSB;undefined;t1.ROW;t1;CAMBIO_3281;ROW;;;
text.sas;7;WORK;CAMBIO_3281;t1;WORK;TABLA_3281_TSB;undefined;t1.COL;t1;CAMBIO_3281;COL;;;
text.sas;7;WORK;CAMBIO_3281;t1;WORK;TABLA_3281_TSB;undefined;IMPORTE;t1;CAMBIO_3281;IMPORTE_mEUR;;;
text.sas;8;WORK;TABLA_3281_TSB;t1;WORK;TABLA_3281_VUELTA_TSB;undefined;template;t1;TABLA_3281_TSB;COREP;;;
text.sas;8;WORK;TABLA_3281_TSB;t1;WORK;TABLA_3281_VUELTA_TSB;undefined;data_extra;t1;TABLA_3281_TSB;CATEGO;;;
text.sas;8;WORK;TABLA_3281_TSB;t1;WORK;TABLA_3281_VUELTA_TSB;undefined;t1.ROW;t1;TABLA_3281_TSB;ROW;;;
text.sas;8;WORK;TABLA_3281_TSB;t1;WORK;TABLA_3281_VUELTA_TSB;undefined;t1.COL;t1;TABLA_3281_TSB;COL;;;
text.sas;8;WORK;TABLA_3281_TSB;t1;WORK;TABLA_3281_VUELTA_TSB;undefined;COL1;t1;TABLA_3281_TSB;IMPORTE;;;
text.sas;9;WORK;TABLA_3281_VUELTA_TSB;undefined;WORK;TEST1_TABLA3281_VUELTA_TSB;undefined;TEMPLATE;undefined;TABLA_3281_VUELTA_TSB;TEMPLATE;;;BY TEMPLATE DATA_EXTRA ROW
text.sas;9;WORK;TABLA_3281_VUELTA_TSB;undefined;WORK;TEST1_TABLA3281_VUELTA_TSB;undefined;DATA_EXTRA;undefined;TABLA_3281_VUELTA_TSB;DATA_EXTRA;;;BY TEMPLATE DATA_EXTRA ROW
text.sas;9;WORK;TABLA_3281_VUELTA_TSB;undefined;WORK;TEST1_TABLA3281_VUELTA_TSB;undefined;ROW;undefined;TABLA_3281_VUELTA_TSB;ROW;;;BY TEMPLATE DATA_EXTRA ROW
text.sas;9;WORK;TABLA_3281_VUELTA_TSB;undefined;WORK;TEST1_TABLA3281_VUELTA_TSB;undefined;C:;undefined;TABLA_3281_VUELTA_TSB;C:;;;BY TEMPLATE DATA_EXTRA ROW
text.sas;10;WORK;TEST1_TABLA3281_VUELTA_TSB;undefined;WORK;TEST2_TABLA3281_VUELTA_TSB;undefined;NO;COLUMNS;DEFINED;;;;BY TEMPLATE DATA_EXTRA ROW
text.sas;11;bsco_4;ECO_CP_CONS;t1;WORK;ECO1;undefined;'COREP'n;undefined;ECO_CP_CONS;when SUBSTR F1,1,4='3207' then '3207' when SUBSTR F1,1,4='3281' then '3281' when SUBSTR F1,1,4='3282' then '3282' when SUBSTR F1,1,4='3291' then '3291' when SUBSTR F1,1,4='3292' then '3292' when SUBSTR F1,1,4='3294' then '3294' else 'ERRO' end;;;
text.sas;11;bsco_4;ECO_CP_CONS;t1;WORK;ECO1;undefined;t1.F1;t1;ECO_CP_CONS;F1;;;
text.sas;12;WORK;ECO1;t1;WORK;ECO2;undefined;t1.COREP;t1;ECO1;COREP;;;
text.sas;12;WORK;ECO1;t1;WORK;ECO2;undefined;t1.F1;t1;ECO1;F1;;;
text.sas;12;WORK;ECO1;t1;WORK;ECO2;undefined;CATEGO;undefined;ECO1; when COREP='3207' then SUBSTR F1,5,4 when COREP IN '3281','3282' then SUBSTR F1,5,3 when COREP IN '3291','3292','3294' then SUBSTR F1,5,2 else '' end FORMAT=$CHAR4. ;;;
text.sas;12;WORK;ECO1;t1;WORK;ECO2;undefined;CELDA;undefined;ECO1; COREP='3207' then SUBSTR F1,5,4 when COREP IN '3281','3282' then SUBSTR F1,5,3 when COREP IN '3291','3292','3294' then SUBSTR F1,5,2 else '' end FORMAT=$CHAR4.  case when COREP='3207' then SUBSTR F1,125,4 when COREP IN '3281' then SUBSTR F1,125,4 when COREP IN '3291','3292','3294' then SUBSTR F1,125,4 else '' end FORMAT=$CHAR4. ;;;
text.sas;12;WORK;ECO1;t1;WORK;ECO2;undefined;IMPORTE;undefined;ECO1;case when COREP='3207' then TRANWRDSUBSTR F1,129,18,",","." when COREP IN '3281','3282' then TRANWRDSUBSTRF1,129,18,",","." when COREP IN '3291','3292','3294' then TRANWRDSUBSTR F1,129,18,",","." else '' end,BEST18.*case when SUBSTR F1,147,1='-' then -1 else 1 end;;;
text.sas;12;WORK;ECO1;t1;WORK;ECO2;undefined;SIGNO;undefined;ECO1;when SUBSTR F1,147,1='-' then -1 else 1 end;;;
text.sas;12;WORK;ECO1;t1;WORK;ECO2;undefined;COL;undefined;ECO1;P='3207' then SUBSTR F1,5,4 when COREP IN '3281','3282' then SUBSTR F1,5,3 when COREP IN '3291','3292','3294' then SUBSTR F1,5,2 else '' end FORMAT=$CHAR4.  case when COREP='3207' then SUBSTR F1,125,4 when COREP IN '3281' then SUBSTR F1,125,4 when COREP IN '3291','3292','3294' then SUBSTR F1,125,4 else '' end FORMAT=$CHAR4.  case when COREP IN '3282' then 'C'||SUBSTR F1,126,3 else '' end FORMAT=$CHAR12. ;;;
text.sas;12;WORK;ECO1;t1;WORK;ECO2;undefined;TRAMO_PD;undefined;ECO1;when COREP IN '3282' then inputSUBSTR F1,45,4,comma32. else 0 end;;;
text.sas;13;WORK;ECO2;t1;WORK;COR3281_1;undefined;t1.COREP;t1;ECO2;COREP;WHERE t1.COREP='3281' ;;;
text.sas;13;WORK;ECO2;t1;WORK;COR3281_1;undefined;t1.F1;t1;ECO2;F1;WHERE t1.COREP='3281' ;;;
text.sas;13;WORK;ECO2;t1;WORK;COR3281_1;undefined;t1.CATEGO;t1;ECO2;CATEGO;WHERE t1.COREP='3281' ;;;
text.sas;13;WORK;ECO2;t1;WORK;COR3281_1;undefined;t1.CELDA;t1;ECO2;CELDA;WHERE t1.COREP='3281' ;;;
text.sas;13;WORK;ECO2;t1;WORK;COR3281_1;undefined;IMPORTE;undefined;ECO2; case when t1.IMPORTE=. then 0 else t1.IMPORTE end ;WHERE t1.COREP='3281' ;;;
text.sas;13;WORK;ECO2;t1;WORK;COR3281_1;undefined;t1.COL;t1;ECO2;COL;WHERE t1.COREP='3281' ;;;
text.sas;13;WORK;ECO2;t1;WORK;COR3281_1;undefined;t1.TRAMO_PD;t1;ECO2;TRAMO_PD;WHERE t1.COREP='3281' ;;;
text.sas;14;WORK;COR3281_1;t1;WORK;COR3281_2;undefined;t1.COREP;t1;COR3281_1;COREP;;;ORDER BY t1.CATEGO, t2.COL, t2.ROW
text.sas;14;WORK;COR3281_1;t1;WORK;COR3281_2;undefined;t1.F1;t1;COR3281_1;F1;;;ORDER BY t1.CATEGO, t2.COL, t2.ROW
text.sas;14;WORK;COR3281_1;t1;WORK;COR3281_2;undefined;t1.CATEGO;t1;COR3281_1;CATEGO;;;ORDER BY t1.CATEGO, t2.COL, t2.ROW
text.sas;14;WORK;COR3281_1;t1;WORK;COR3281_2;undefined;t1.CELDA;t1;COR3281_1;CELDA;;;ORDER BY t1.CATEGO, t2.COL, t2.ROW
text.sas;14;WORK;COR3281_1;t1;WORK;COR3281_2;undefined;t1.IMPORTE;t1;COR3281_1;IMPORTE;;;ORDER BY t1.CATEGO, t2.COL, t2.ROW
text.sas;14;WORK;COR3281_1;t1;WORK;COR3281_2;undefined;t2.COREP_2;t2;MAESTRO_CELDAS_COREP;COREP_2;;;ORDER BY t1.CATEGO, t2.COL, t2.ROW
text.sas;14;WORK;COR3281_1;t1;WORK;COR3281_2;undefined;t2.ROW;t2;MAESTRO_CELDAS_COREP;ROW;;;ORDER BY t1.CATEGO, t2.COL, t2.ROW
text.sas;14;WORK;COR3281_1;t1;WORK;COR3281_2;undefined;t2.COL;t2;MAESTRO_CELDAS_COREP;COL;;;ORDER BY t1.CATEGO, t2.COL, t2.ROW
text.sas;14;BSCO;MAESTRO_CELDAS_COREP;t2;WORK;COR3281_2;undefined;t1.COREP;t1;COR3281_1;COREP;;;ORDER BY t1.CATEGO, t2.COL, t2.ROW
text.sas;14;BSCO;MAESTRO_CELDAS_COREP;t2;WORK;COR3281_2;undefined;t1.F1;t1;COR3281_1;F1;;;ORDER BY t1.CATEGO, t2.COL, t2.ROW
text.sas;14;BSCO;MAESTRO_CELDAS_COREP;t2;WORK;COR3281_2;undefined;t1.CATEGO;t1;COR3281_1;CATEGO;;;ORDER BY t1.CATEGO, t2.COL, t2.ROW
text.sas;14;BSCO;MAESTRO_CELDAS_COREP;t2;WORK;COR3281_2;undefined;t1.CELDA;t1;COR3281_1;CELDA;;;ORDER BY t1.CATEGO, t2.COL, t2.ROW
text.sas;14;BSCO;MAESTRO_CELDAS_COREP;t2;WORK;COR3281_2;undefined;t1.IMPORTE;t1;COR3281_1;IMPORTE;;;ORDER BY t1.CATEGO, t2.COL, t2.ROW
text.sas;14;BSCO;MAESTRO_CELDAS_COREP;t2;WORK;COR3281_2;undefined;t2.COREP_2;t2;MAESTRO_CELDAS_COREP;COREP_2;;;ORDER BY t1.CATEGO, t2.COL, t2.ROW
text.sas;14;BSCO;MAESTRO_CELDAS_COREP;t2;WORK;COR3281_2;undefined;t2.ROW;t2;MAESTRO_CELDAS_COREP;ROW;;;ORDER BY t1.CATEGO, t2.COL, t2.ROW
text.sas;14;BSCO;MAESTRO_CELDAS_COREP;t2;WORK;COR3281_2;undefined;t2.COL;t2;MAESTRO_CELDAS_COREP;COL;;;ORDER BY t1.CATEGO, t2.COL, t2.ROW
text.sas;15;WORK;COR3281_2;t1;WORK;COR3281_3;undefined;t1.COREP;t1;COR3281_2;COREP;WHERE t1.COREP='3281' AND t1.COL IN ('C110') ;;;
text.sas;15;WORK;COR3281_2;t1;WORK;COR3281_3;undefined;t1.F1;t1;COR3281_2;F1;WHERE t1.COREP='3281' AND t1.COL IN ('C110') ;;;
text.sas;15;WORK;COR3281_2;t1;WORK;COR3281_3;undefined;t1.CATEGO;t1;COR3281_2;CATEGO;WHERE t1.COREP='3281' AND t1.COL IN ('C110') ;;;
text.sas;15;WORK;COR3281_2;t1;WORK;COR3281_3;undefined;t1.CELDA;t1;COR3281_2;CELDA;WHERE t1.COREP='3281' AND t1.COL IN ('C110') ;;;
text.sas;15;WORK;COR3281_2;t1;WORK;COR3281_3;undefined;t1.IMPORTE;t1;COR3281_2;IMPORTE;WHERE t1.COREP='3281' AND t1.COL IN ('C110') ;;;
text.sas;15;WORK;COR3281_2;t1;WORK;COR3281_3;undefined;t1.COREP_2;t1;COR3281_2;COREP_2;WHERE t1.COREP='3281' AND t1.COL IN ('C110') ;;;
text.sas;15;WORK;COR3281_2;t1;WORK;COR3281_3;undefined;t1.ROW;t1;COR3281_2;ROW;WHERE t1.COREP='3281' AND t1.COL IN ('C110') ;;;
text.sas;15;WORK;COR3281_2;t1;WORK;COR3281_3;undefined;t1.COL;t1;COR3281_2;COL;WHERE t1.COREP='3281' AND t1.COL IN ('C110') ;;;
text.sas;16;WORK;COR3281_2;t1;WORK;COR3281_4;undefined;t1.COREP;t1;COR3281_2;COREP;WHERE t1.COREP='3281' AND t1.COL IN ('C140') ;;;
text.sas;16;WORK;COR3281_2;t1;WORK;COR3281_4;undefined;t1.F1;t1;COR3281_2;F1;WHERE t1.COREP='3281' AND t1.COL IN ('C140') ;;;
text.sas;16;WORK;COR3281_2;t1;WORK;COR3281_4;undefined;t1.CATEGO;t1;COR3281_2;CATEGO;WHERE t1.COREP='3281' AND t1.COL IN ('C140') ;;;
text.sas;16;WORK;COR3281_2;t1;WORK;COR3281_4;undefined;t1.CELDA;t1;COR3281_2;CELDA;WHERE t1.COREP='3281' AND t1.COL IN ('C140') ;;;
text.sas;16;WORK;COR3281_2;t1;WORK;COR3281_4;undefined;t1.IMPORTE;t1;COR3281_2;IMPORTE;WHERE t1.COREP='3281' AND t1.COL IN ('C140') ;;;
text.sas;16;WORK;COR3281_2;t1;WORK;COR3281_4;undefined;t1.COREP_2;t1;COR3281_2;COREP_2;WHERE t1.COREP='3281' AND t1.COL IN ('C140') ;;;
text.sas;16;WORK;COR3281_2;t1;WORK;COR3281_4;undefined;t1.ROW;t1;COR3281_2;ROW;WHERE t1.COREP='3281' AND t1.COL IN ('C140') ;;;
text.sas;16;WORK;COR3281_2;t1;WORK;COR3281_4;undefined;t1.COL;t1;COR3281_2;COL;WHERE t1.COREP='3281' AND t1.COL IN ('C140') ;;;
text.sas;17;WORK;COR3281_2;t1;WORK;CRUCE3281_1;undefined;t1.COREP;t1;COR3281_2;COREP;;;
text.sas;17;WORK;COR3281_2;t1;WORK;CRUCE3281_1;undefined;t1.F1;t1;COR3281_2;F1;;;
text.sas;17;WORK;COR3281_2;t1;WORK;CRUCE3281_1;undefined;t1.CATEGO;t1;COR3281_2;CATEGO;;;
text.sas;17;WORK;COR3281_2;t1;WORK;CRUCE3281_1;undefined;t1.CELDA;t1;COR3281_2;CELDA;;;
text.sas;17;WORK;COR3281_2;t1;WORK;CRUCE3281_1;undefined;t1.IMPORTE;t1;COR3281_2;IMPORTE;;;
text.sas;17;WORK;COR3281_2;t1;WORK;CRUCE3281_1;undefined;t1.COREP_2;t1;COR3281_2;COREP_2;;;
text.sas;17;WORK;COR3281_2;t1;WORK;CRUCE3281_1;undefined;t1.ROW;t1;COR3281_2;ROW;;;
text.sas;17;WORK;COR3281_2;t1;WORK;CRUCE3281_1;undefined;t1.COL;t1;COR3281_2;COL;;;
text.sas;17;WORK;COR3281_2;t1;WORK;CRUCE3281_1;undefined;EAD;t2;COR3281_3;IMPORTE;;;
text.sas;17;WORK;COR3281_3;t2;WORK;CRUCE3281_1;undefined;t1.COREP;t1;COR3281_2;COREP;;;
text.sas;17;WORK;COR3281_3;t2;WORK;CRUCE3281_1;undefined;t1.F1;t1;COR3281_2;F1;;;
text.sas;17;WORK;COR3281_3;t2;WORK;CRUCE3281_1;undefined;t1.CATEGO;t1;COR3281_2;CATEGO;;;
text.sas;17;WORK;COR3281_3;t2;WORK;CRUCE3281_1;undefined;t1.CELDA;t1;COR3281_2;CELDA;;;
text.sas;17;WORK;COR3281_3;t2;WORK;CRUCE3281_1;undefined;t1.IMPORTE;t1;COR3281_2;IMPORTE;;;
text.sas;17;WORK;COR3281_3;t2;WORK;CRUCE3281_1;undefined;t1.COREP_2;t1;COR3281_2;COREP_2;;;
text.sas;17;WORK;COR3281_3;t2;WORK;CRUCE3281_1;undefined;t1.ROW;t1;COR3281_2;ROW;;;
text.sas;17;WORK;COR3281_3;t2;WORK;CRUCE3281_1;undefined;t1.COL;t1;COR3281_2;COL;;;
text.sas;17;WORK;COR3281_3;t2;WORK;CRUCE3281_1;undefined;EAD;t2;COR3281_3;IMPORTE;;;
text.sas;18;WORK;CRUCE3281_1;t1;WORK;CRUCE3281_2;undefined;t1.COREP;t1;CRUCE3281_1;COREP;;;
text.sas;18;WORK;CRUCE3281_1;t1;WORK;CRUCE3281_2;undefined;t1.F1;t1;CRUCE3281_1;F1;;;
text.sas;18;WORK;CRUCE3281_1;t1;WORK;CRUCE3281_2;undefined;t1.CATEGO;t1;CRUCE3281_1;CATEGO;;;
text.sas;18;WORK;CRUCE3281_1;t1;WORK;CRUCE3281_2;undefined;t1.CELDA;t1;CRUCE3281_1;CELDA;;;
text.sas;18;WORK;CRUCE3281_1;t1;WORK;CRUCE3281_2;undefined;t1.IMPORTE;t1;CRUCE3281_1;IMPORTE;;;
text.sas;18;WORK;CRUCE3281_1;t1;WORK;CRUCE3281_2;undefined;t1.COREP_2;t1;CRUCE3281_1;COREP_2;;;
text.sas;18;WORK;CRUCE3281_1;t1;WORK;CRUCE3281_2;undefined;t1.ROW;t1;CRUCE3281_1;ROW;;;
text.sas;18;WORK;CRUCE3281_1;t1;WORK;CRUCE3281_2;undefined;t1.COL;t1;CRUCE3281_1;COL;;;
text.sas;18;WORK;CRUCE3281_1;t1;WORK;CRUCE3281_2;undefined;t1.EAD;t1;CRUCE3281_1;EAD;;;
text.sas;18;WORK;CRUCE3281_1;t1;WORK;CRUCE3281_2;undefined;EAD_EEFF;t2;COR3281_4;IMPORTE;;;
text.sas;18;WORK;COR3281_4;t2;WORK;CRUCE3281_2;undefined;t1.COREP;t1;CRUCE3281_1;COREP;;;
text.sas;18;WORK;COR3281_4;t2;WORK;CRUCE3281_2;undefined;t1.F1;t1;CRUCE3281_1;F1;;;
text.sas;18;WORK;COR3281_4;t2;WORK;CRUCE3281_2;undefined;t1.CATEGO;t1;CRUCE3281_1;CATEGO;;;
text.sas;18;WORK;COR3281_4;t2;WORK;CRUCE3281_2;undefined;t1.CELDA;t1;CRUCE3281_1;CELDA;;;
text.sas;18;WORK;COR3281_4;t2;WORK;CRUCE3281_2;undefined;t1.IMPORTE;t1;CRUCE3281_1;IMPORTE;;;
text.sas;18;WORK;COR3281_4;t2;WORK;CRUCE3281_2;undefined;t1.COREP_2;t1;CRUCE3281_1;COREP_2;;;
text.sas;18;WORK;COR3281_4;t2;WORK;CRUCE3281_2;undefined;t1.ROW;t1;CRUCE3281_1;ROW;;;
text.sas;18;WORK;COR3281_4;t2;WORK;CRUCE3281_2;undefined;t1.COL;t1;CRUCE3281_1;COL;;;
text.sas;18;WORK;COR3281_4;t2;WORK;CRUCE3281_2;undefined;t1.EAD;t1;CRUCE3281_1;EAD;;;
text.sas;18;WORK;COR3281_4;t2;WORK;CRUCE3281_2;undefined;EAD_EEFF;t2;COR3281_4;IMPORTE;;;
text.sas;19;WORK;CRUCE3281_2;t1;WORK;CRUCE3281_2_5;undefined;t1.COREP;t1;CRUCE3281_2;COREP;;;
text.sas;19;WORK;CRUCE3281_2;t1;WORK;CRUCE3281_2_5;undefined;t1.F1;t1;CRUCE3281_2;F1;;;
text.sas;19;WORK;CRUCE3281_2;t1;WORK;CRUCE3281_2_5;undefined;t1.CATEGO;t1;CRUCE3281_2;CATEGO;;;
text.sas;19;WORK;CRUCE3281_2;t1;WORK;CRUCE3281_2_5;undefined;t1.CELDA;t1;CRUCE3281_2;CELDA;;;
text.sas;19;WORK;CRUCE3281_2;t1;WORK;CRUCE3281_2_5;undefined;t1.IMPORTE;t1;CRUCE3281_2;IMPORTE;;;
text.sas;19;WORK;CRUCE3281_2;t1;WORK;CRUCE3281_2_5;undefined;t1.COREP_2;t1;CRUCE3281_2;COREP_2;;;
text.sas;19;WORK;CRUCE3281_2;t1;WORK;CRUCE3281_2_5;undefined;t1.ROW;t1;CRUCE3281_2;ROW;;;
text.sas;19;WORK;CRUCE3281_2;t1;WORK;CRUCE3281_2_5;undefined;t1.COL;t1;CRUCE3281_2;COL;;;
text.sas;19;WORK;CRUCE3281_2;t1;WORK;CRUCE3281_2_5;undefined;EAD;undefined;CRUCE3281_2; case when t1.EAD=. then 0 else t1.EAD end ;;;
text.sas;19;WORK;CRUCE3281_2;t1;WORK;CRUCE3281_2_5;undefined;EAD_EEFF;undefined;CRUCE3281_2; case when t1.EAD_EEFF=. then 0 else t1.EAD_EEFF end ;;;
text.sas;20;WORK;CRUCE3281_2_5;t1;WORK;CRUCE3281_3;undefined;t1.COREP;t1;CRUCE3281_2_5;COREP;;;
text.sas;20;WORK;CRUCE3281_2_5;t1;WORK;CRUCE3281_3;undefined;t1.F1;t1;CRUCE3281_2_5;F1;;;
text.sas;20;WORK;CRUCE3281_2_5;t1;WORK;CRUCE3281_3;undefined;t1.CATEGO;t1;CRUCE3281_2_5;CATEGO;;;
text.sas;20;WORK;CRUCE3281_2_5;t1;WORK;CRUCE3281_3;undefined;t1.CELDA;t1;CRUCE3281_2_5;CELDA;;;
text.sas;20;WORK;CRUCE3281_2_5;t1;WORK;CRUCE3281_3;undefined;t1.IMPORTE;t1;CRUCE3281_2_5;IMPORTE;;;
text.sas;20;WORK;CRUCE3281_2_5;t1;WORK;CRUCE3281_3;undefined;t1.COREP_2;t1;CRUCE3281_2_5;COREP_2;;;
text.sas;20;WORK;CRUCE3281_2_5;t1;WORK;CRUCE3281_3;undefined;t1.ROW;t1;CRUCE3281_2_5;ROW;;;
text.sas;20;WORK;CRUCE3281_2_5;t1;WORK;CRUCE3281_3;undefined;t1.COL;t1;CRUCE3281_2_5;COL;;;
text.sas;20;WORK;CRUCE3281_2_5;t1;WORK;CRUCE3281_3;undefined;t1.EAD;t1;CRUCE3281_2_5;EAD;;;
text.sas;20;WORK;CRUCE3281_2_5;t1;WORK;CRUCE3281_3;undefined;t1.EAD_EEFF;t1;CRUCE3281_2_5;EAD_EEFF;;;
text.sas;20;WORK;CRUCE3281_2_5;t1;WORK;CRUCE3281_3;undefined;C_PDxEAD;undefined;CRUCE3281_2_5;case when COL='C010' then IMPORTE*EAD/10000 else 0 end ;;;
text.sas;20;WORK;CRUCE3281_2_5;t1;WORK;CRUCE3281_3;undefined;C_LGDxEAD;undefined;CRUCE3281_2_5;case when COL='C230' then IMPORTE*(EAD-EAD_EEFF)/100 else 0 end ;;;
text.sas;20;WORK;CRUCE3281_2_5;t1;WORK;CRUCE3281_3;undefined;C_LGDEFxEAD;undefined;CRUCE3281_2_5;case when COL='C240' then IMPORTE*EAD_EEFF/100 else 0 end ;;;
text.sas;20;WORK;CRUCE3281_2_5;t1;WORK;CRUCE3281_3;undefined;C_MxEAD;undefined;CRUCE3281_2_5;case when COL='C250' then IMPORTE*EAD else 0 end ;;;
text.sas;21;WORK;CRUCE3281_3;t1;WORK;PDxEAD_3281;undefined;t1.COREP;t1;CRUCE3281_3;COREP;WHERE C_PDxEAD NOT=0 ;;;
text.sas;21;WORK;CRUCE3281_3;t1;WORK;PDxEAD_3281;undefined;t1.F1;t1;CRUCE3281_3;F1;WHERE C_PDxEAD NOT=0 ;;;
text.sas;21;WORK;CRUCE3281_3;t1;WORK;PDxEAD_3281;undefined;t1.CATEGO;t1;CRUCE3281_3;CATEGO;WHERE C_PDxEAD NOT=0 ;;;
text.sas;21;WORK;CRUCE3281_3;t1;WORK;PDxEAD_3281;undefined;t1.CELDA;t1;CRUCE3281_3;CELDA;WHERE C_PDxEAD NOT=0 ;;;
text.sas;21;WORK;CRUCE3281_3;t1;WORK;PDxEAD_3281;undefined;IMPORTE;undefined;CRUCE3281_3;C_PDxEAD;WHERE C_PDxEAD NOT=0 ;;;
text.sas;21;WORK;CRUCE3281_3;t1;WORK;PDxEAD_3281;undefined;t1.COREP_2;t1;CRUCE3281_3;COREP_2;WHERE C_PDxEAD NOT=0 ;;;
text.sas;21;WORK;CRUCE3281_3;t1;WORK;PDxEAD_3281;undefined;t1.ROW;t1;CRUCE3281_3;ROW;WHERE C_PDxEAD NOT=0 ;;;
text.sas;21;WORK;CRUCE3281_3;t1;WORK;PDxEAD_3281;undefined;COL;undefined;CRUCE3281_3;'C_PDxEAD';WHERE C_PDxEAD NOT=0 ;;;
text.sas;22;WORK;CRUCE3281_3;t1;WORK;LGDxEAD_3281;undefined;t1.COREP;t1;CRUCE3281_3;COREP;WHERE C_LGDxEAD NOT=0 ;;;
text.sas;22;WORK;CRUCE3281_3;t1;WORK;LGDxEAD_3281;undefined;t1.F1;t1;CRUCE3281_3;F1;WHERE C_LGDxEAD NOT=0 ;;;
text.sas;22;WORK;CRUCE3281_3;t1;WORK;LGDxEAD_3281;undefined;t1.CATEGO;t1;CRUCE3281_3;CATEGO;WHERE C_LGDxEAD NOT=0 ;;;
text.sas;22;WORK;CRUCE3281_3;t1;WORK;LGDxEAD_3281;undefined;t1.CELDA;t1;CRUCE3281_3;CELDA;WHERE C_LGDxEAD NOT=0 ;;;
text.sas;22;WORK;CRUCE3281_3;t1;WORK;LGDxEAD_3281;undefined;IMPORTE;undefined;CRUCE3281_3;C_LGDxEAD;WHERE C_LGDxEAD NOT=0 ;;;
text.sas;22;WORK;CRUCE3281_3;t1;WORK;LGDxEAD_3281;undefined;t1.COREP_2;t1;CRUCE3281_3;COREP_2;WHERE C_LGDxEAD NOT=0 ;;;
text.sas;22;WORK;CRUCE3281_3;t1;WORK;LGDxEAD_3281;undefined;t1.ROW;t1;CRUCE3281_3;ROW;WHERE C_LGDxEAD NOT=0 ;;;
text.sas;22;WORK;CRUCE3281_3;t1;WORK;LGDxEAD_3281;undefined;COL;undefined;CRUCE3281_3;'C_LGDxEAD';WHERE C_LGDxEAD NOT=0 ;;;
text.sas;23;WORK;CRUCE3281_3;t1;WORK;LGDEFxEAD_3281;undefined;t1.COREP;t1;CRUCE3281_3;COREP;WHERE C_LGDEFxEAD NOT=0 ;;;
text.sas;23;WORK;CRUCE3281_3;t1;WORK;LGDEFxEAD_3281;undefined;t1.F1;t1;CRUCE3281_3;F1;WHERE C_LGDEFxEAD NOT=0 ;;;
text.sas;23;WORK;CRUCE3281_3;t1;WORK;LGDEFxEAD_3281;undefined;t1.CATEGO;t1;CRUCE3281_3;CATEGO;WHERE C_LGDEFxEAD NOT=0 ;;;
text.sas;23;WORK;CRUCE3281_3;t1;WORK;LGDEFxEAD_3281;undefined;t1.CELDA;t1;CRUCE3281_3;CELDA;WHERE C_LGDEFxEAD NOT=0 ;;;
text.sas;23;WORK;CRUCE3281_3;t1;WORK;LGDEFxEAD_3281;undefined;IMPORTE;undefined;CRUCE3281_3;C_LGDEFxEAD;WHERE C_LGDEFxEAD NOT=0 ;;;
text.sas;23;WORK;CRUCE3281_3;t1;WORK;LGDEFxEAD_3281;undefined;t1.COREP_2;t1;CRUCE3281_3;COREP_2;WHERE C_LGDEFxEAD NOT=0 ;;;
text.sas;23;WORK;CRUCE3281_3;t1;WORK;LGDEFxEAD_3281;undefined;t1.ROW;t1;CRUCE3281_3;ROW;WHERE C_LGDEFxEAD NOT=0 ;;;
text.sas;23;WORK;CRUCE3281_3;t1;WORK;LGDEFxEAD_3281;undefined;COL;undefined;CRUCE3281_3;'C_LGDEFxEAD';WHERE C_LGDEFxEAD NOT=0 ;;;
text.sas;24;WORK;CRUCE3281_3;t1;WORK;MxEAD_3281;undefined;t1.COREP;t1;CRUCE3281_3;COREP;WHERE C_MxEAD NOT=0 ;;;
text.sas;24;WORK;CRUCE3281_3;t1;WORK;MxEAD_3281;undefined;t1.F1;t1;CRUCE3281_3;F1;WHERE C_MxEAD NOT=0 ;;;
text.sas;24;WORK;CRUCE3281_3;t1;WORK;MxEAD_3281;undefined;t1.CATEGO;t1;CRUCE3281_3;CATEGO;WHERE C_MxEAD NOT=0 ;;;
text.sas;24;WORK;CRUCE3281_3;t1;WORK;MxEAD_3281;undefined;t1.CELDA;t1;CRUCE3281_3;CELDA;WHERE C_MxEAD NOT=0 ;;;
text.sas;24;WORK;CRUCE3281_3;t1;WORK;MxEAD_3281;undefined;t1.COREP_2;t1;CRUCE3281_3;COREP_2;WHERE C_MxEAD NOT=0 ;;;
text.sas;24;WORK;CRUCE3281_3;t1;WORK;MxEAD_3281;undefined;t1.ROW;t1;CRUCE3281_3;ROW;WHERE C_MxEAD NOT=0 ;;;
text.sas;24;WORK;CRUCE3281_3;t1;WORK;MxEAD_3281;undefined;IMPORTE;undefined;CRUCE3281_3;C_MxEAD;WHERE C_MxEAD NOT=0 ;;;
text.sas;24;WORK;CRUCE3281_3;t1;WORK;MxEAD_3281;undefined;COL;undefined;CRUCE3281_3;'C_MxEAD';WHERE C_MxEAD NOT=0 ;;;
text.sas;25;WORK;COR3281_2;undefined;WORK;TABLA_3281_BS;undefined;NO;COLUMNS;DEFINED;;;;
text.sas;25;WORK;PDxEAD_3281;undefined;WORK;TABLA_3281_BS;undefined;NO;COLUMNS;DEFINED;;;;
text.sas;25;WORK;LGDxEAD_3281;undefined;WORK;TABLA_3281_BS;undefined;NO;COLUMNS;DEFINED;;;;
text.sas;25;WORK;LGDEFxEAD_3281;undefined;WORK;TABLA_3281_BS;undefined;NO;COLUMNS;DEFINED;;;;
text.sas;25;WORK;MxEAD_3281;undefined;WORK;TABLA_3281_BS;undefined;NO;COLUMNS;DEFINED;;;;
text.sas;26;WORK;TABLA_3281_BS;t1;WORK;TABLA_3281_VUELTA_BS;undefined;template;t1;TABLA_3281_BS;COREP;;;
text.sas;26;WORK;TABLA_3281_BS;t1;WORK;TABLA_3281_VUELTA_BS;undefined;data_extra;t1;TABLA_3281_BS;CATEGO;;;
text.sas;26;WORK;TABLA_3281_BS;t1;WORK;TABLA_3281_VUELTA_BS;undefined;t1.ROW;t1;TABLA_3281_BS;ROW;;;
text.sas;26;WORK;TABLA_3281_BS;t1;WORK;TABLA_3281_VUELTA_BS;undefined;t1.COL;t1;TABLA_3281_BS;COL;;;
text.sas;26;WORK;TABLA_3281_BS;t1;WORK;TABLA_3281_VUELTA_BS;undefined;t1.COREP_2;t1;TABLA_3281_BS;COREP_2;;;
text.sas;26;WORK;TABLA_3281_BS;t1;WORK;TABLA_3281_VUELTA_BS;undefined;t1.CELDA;t1;TABLA_3281_BS;CELDA;;;
text.sas;26;WORK;TABLA_3281_BS;t1;WORK;TABLA_3281_VUELTA_BS;undefined;COL1;t1;TABLA_3281_BS;IMPORTE;;;
text.sas;27;WORK;TABLA_3281_VUELTA_BS;undefined;WORK;TEST1_TABLA3281_VUELTA_BS;undefined;TEMPLATE;undefined;TABLA_3281_VUELTA_BS;TEMPLATE;;;BY TEMPLATE COREP_2 DATA_EXTRA ROW CELDA
text.sas;27;WORK;TABLA_3281_VUELTA_BS;undefined;WORK;TEST1_TABLA3281_VUELTA_BS;undefined;COREP_2;undefined;TABLA_3281_VUELTA_BS;COREP_2;;;BY TEMPLATE COREP_2 DATA_EXTRA ROW CELDA
text.sas;27;WORK;TABLA_3281_VUELTA_BS;undefined;WORK;TEST1_TABLA3281_VUELTA_BS;undefined;DATA_EXTRA;undefined;TABLA_3281_VUELTA_BS;DATA_EXTRA;;;BY TEMPLATE COREP_2 DATA_EXTRA ROW CELDA
text.sas;27;WORK;TABLA_3281_VUELTA_BS;undefined;WORK;TEST1_TABLA3281_VUELTA_BS;undefined;ROW;undefined;TABLA_3281_VUELTA_BS;ROW;;;BY TEMPLATE COREP_2 DATA_EXTRA ROW CELDA
text.sas;27;WORK;TABLA_3281_VUELTA_BS;undefined;WORK;TEST1_TABLA3281_VUELTA_BS;undefined;CELDA;undefined;TABLA_3281_VUELTA_BS;CELDA;;;BY TEMPLATE COREP_2 DATA_EXTRA ROW CELDA
text.sas;27;WORK;TABLA_3281_VUELTA_BS;undefined;WORK;TEST1_TABLA3281_VUELTA_BS;undefined;C:;undefined;TABLA_3281_VUELTA_BS;C:;;;BY TEMPLATE COREP_2 DATA_EXTRA ROW CELDA
text.sas;28;WORK;TEST1_TABLA3281_VUELTA_BS;undefined;WORK;TEST2_TABLA3281_VUELTA_BS;undefined;NO;COLUMNS;DEFINED;;;;BY TEMPLATE COREP_2 DATA_EXTRA ROW
text.sas;29;WORK;TEST2_TABLA3281_VUELTA_BS;t1;BSCO_4;CHECK_3281_BS_CONSO;undefined;t1.template;t1;TEST2_TABLA3281_VUELTA_BS;template;WHERE t1.ROW='R010';GROUP BY t1.template, t1.data_extra, t1.ROW;
text.sas;29;WORK;TEST2_TABLA3281_VUELTA_BS;t1;BSCO_4;CHECK_3281_BS_CONSO;undefined;t1.data_extra;t1;TEST2_TABLA3281_VUELTA_BS;data_extra;WHERE t1.ROW='R010';GROUP BY t1.template, t1.data_extra, t1.ROW;
text.sas;29;WORK;TEST2_TABLA3281_VUELTA_BS;t1;BSCO_4;CHECK_3281_BS_CONSO;undefined;t1.ROW;t1;TEST2_TABLA3281_VUELTA_BS;ROW;WHERE t1.ROW='R010';GROUP BY t1.template, t1.data_extra, t1.ROW;
text.sas;29;WORK;TEST2_TABLA3281_VUELTA_BS;t1;BSCO_4;CHECK_3281_BS_CONSO;undefined;C010;undefined;TEST2_TABLA3281_VUELTA_BS;(SUM(t1.C_PDxEAD)/SUM(t1.C110));WHERE t1.ROW='R010';GROUP BY t1.template, t1.data_extra, t1.ROW;
text.sas;29;WORK;TEST2_TABLA3281_VUELTA_BS;t1;BSCO_4;CHECK_3281_BS_CONSO;undefined;C020;undefined;TEST2_TABLA3281_VUELTA_BS;(SUM(t1.C020));WHERE t1.ROW='R010';GROUP BY t1.template, t1.data_extra, t1.ROW;
text.sas;29;WORK;TEST2_TABLA3281_VUELTA_BS;t1;BSCO_4;CHECK_3281_BS_CONSO;undefined;C030;undefined;TEST2_TABLA3281_VUELTA_BS;(SUM(t1.C030));WHERE t1.ROW='R010';GROUP BY t1.template, t1.data_extra, t1.ROW;
text.sas;29;WORK;TEST2_TABLA3281_VUELTA_BS;t1;BSCO_4;CHECK_3281_BS_CONSO;undefined;C040;undefined;TEST2_TABLA3281_VUELTA_BS;(SUM(t1.C040));WHERE t1.ROW='R010';GROUP BY t1.template, t1.data_extra, t1.ROW;
text.sas;29;WORK;TEST2_TABLA3281_VUELTA_BS;t1;BSCO_4;CHECK_3281_BS_CONSO;undefined;C070;undefined;TEST2_TABLA3281_VUELTA_BS;(SUM(t1.C070));WHERE t1.ROW='R010';GROUP BY t1.template, t1.data_extra, t1.ROW;
text.sas;29;WORK;TEST2_TABLA3281_VUELTA_BS;t1;BSCO_4;CHECK_3281_BS_CONSO;undefined;C080;undefined;TEST2_TABLA3281_VUELTA_BS;(SUM(t1.C080));WHERE t1.ROW='R010';GROUP BY t1.template, t1.data_extra, t1.ROW;
text.sas;29;WORK;TEST2_TABLA3281_VUELTA_BS;t1;BSCO_4;CHECK_3281_BS_CONSO;undefined;C090;undefined;TEST2_TABLA3281_VUELTA_BS;(SUM(t1.C090));WHERE t1.ROW='R010';GROUP BY t1.template, t1.data_extra, t1.ROW;
text.sas;29;WORK;TEST2_TABLA3281_VUELTA_BS;t1;BSCO_4;CHECK_3281_BS_CONSO;undefined;C100;undefined;TEST2_TABLA3281_VUELTA_BS;(SUM(t1.C100));WHERE t1.ROW='R010';GROUP BY t1.template, t1.data_extra, t1.ROW;
text.sas;29;WORK;TEST2_TABLA3281_VUELTA_BS;t1;BSCO_4;CHECK_3281_BS_CONSO;undefined;C110;undefined;TEST2_TABLA3281_VUELTA_BS;(SUM(t1.C110));WHERE t1.ROW='R010';GROUP BY t1.template, t1.data_extra, t1.ROW;
text.sas;29;WORK;TEST2_TABLA3281_VUELTA_BS;t1;BSCO_4;CHECK_3281_BS_CONSO;undefined;C120;undefined;TEST2_TABLA3281_VUELTA_BS;(SUM(t1.C120));WHERE t1.ROW='R010';GROUP BY t1.template, t1.data_extra, t1.ROW;
text.sas;29;WORK;TEST2_TABLA3281_VUELTA_BS;t1;BSCO_4;CHECK_3281_BS_CONSO;undefined;C130;undefined;TEST2_TABLA3281_VUELTA_BS;(SUM(t1.C130));WHERE t1.ROW='R010';GROUP BY t1.template, t1.data_extra, t1.ROW;
text.sas;29;WORK;TEST2_TABLA3281_VUELTA_BS;t1;BSCO_4;CHECK_3281_BS_CONSO;undefined;C140;undefined;TEST2_TABLA3281_VUELTA_BS;(SUM(t1.C140));WHERE t1.ROW='R010';GROUP BY t1.template, t1.data_extra, t1.ROW;
text.sas;29;WORK;TEST2_TABLA3281_VUELTA_BS;t1;BSCO_4;CHECK_3281_BS_CONSO;undefined;C150;undefined;TEST2_TABLA3281_VUELTA_BS;(SUM(t1.C150));WHERE t1.ROW='R010';GROUP BY t1.template, t1.data_extra, t1.ROW;
text.sas;29;WORK;TEST2_TABLA3281_VUELTA_BS;t1;BSCO_4;CHECK_3281_BS_CONSO;undefined;C180;undefined;TEST2_TABLA3281_VUELTA_BS;(SUM(t1.C180));WHERE t1.ROW='R010';GROUP BY t1.template, t1.data_extra, t1.ROW;
text.sas;29;WORK;TEST2_TABLA3281_VUELTA_BS;t1;BSCO_4;CHECK_3281_BS_CONSO;undefined;C190;undefined;TEST2_TABLA3281_VUELTA_BS;(SUM(t1.C190));WHERE t1.ROW='R010';GROUP BY t1.template, t1.data_extra, t1.ROW;
text.sas;29;WORK;TEST2_TABLA3281_VUELTA_BS;t1;BSCO_4;CHECK_3281_BS_CONSO;undefined;C200;undefined;TEST2_TABLA3281_VUELTA_BS;(SUM(t1.C200));WHERE t1.ROW='R010';GROUP BY t1.template, t1.data_extra, t1.ROW;
text.sas;29;WORK;TEST2_TABLA3281_VUELTA_BS;t1;BSCO_4;CHECK_3281_BS_CONSO;undefined;C230;undefined;TEST2_TABLA3281_VUELTA_BS;(SUM(t1.C_LGDxEAD)/(SUM(t1.C110)-SUM(t1.C140)));WHERE t1.ROW='R010';GROUP BY t1.template, t1.data_extra, t1.ROW;
text.sas;29;WORK;TEST2_TABLA3281_VUELTA_BS;t1;BSCO_4;CHECK_3281_BS_CONSO;undefined;C240;undefined;TEST2_TABLA3281_VUELTA_BS;(SUM(t1.C_LGDEFxEAD)/SUM(t1.C140));WHERE t1.ROW='R010';GROUP BY t1.template, t1.data_extra, t1.ROW;
text.sas;29;WORK;TEST2_TABLA3281_VUELTA_BS;t1;BSCO_4;CHECK_3281_BS_CONSO;undefined;C250;undefined;TEST2_TABLA3281_VUELTA_BS;(SUM(t1.C_MxEAD)/SUM(t1.C110));WHERE t1.ROW='R010';GROUP BY t1.template, t1.data_extra, t1.ROW;
text.sas;29;WORK;TEST2_TABLA3281_VUELTA_BS;t1;BSCO_4;CHECK_3281_BS_CONSO;undefined;C255;undefined;TEST2_TABLA3281_VUELTA_BS;(SUM(t1.C255));WHERE t1.ROW='R010';GROUP BY t1.template, t1.data_extra, t1.ROW;
text.sas;29;WORK;TEST2_TABLA3281_VUELTA_BS;t1;BSCO_4;CHECK_3281_BS_CONSO;undefined;C260;undefined;TEST2_TABLA3281_VUELTA_BS;(SUM(t1.C260));WHERE t1.ROW='R010';GROUP BY t1.template, t1.data_extra, t1.ROW;
text.sas;29;WORK;TEST2_TABLA3281_VUELTA_BS;t1;BSCO_4;CHECK_3281_BS_CONSO;undefined;C270;undefined;TEST2_TABLA3281_VUELTA_BS;(SUM(t1.C270));WHERE t1.ROW='R010';GROUP BY t1.template, t1.data_extra, t1.ROW;
text.sas;29;WORK;TEST2_TABLA3281_VUELTA_BS;t1;BSCO_4;CHECK_3281_BS_CONSO;undefined;C280;undefined;TEST2_TABLA3281_VUELTA_BS;(SUM(t1.C280));WHERE t1.ROW='R010';GROUP BY t1.template, t1.data_extra, t1.ROW;
text.sas;29;WORK;TEST2_TABLA3281_VUELTA_BS;t1;BSCO_4;CHECK_3281_BS_CONSO;undefined;C290;undefined;TEST2_TABLA3281_VUELTA_BS;(SUM(t1.C290));WHERE t1.ROW='R010';GROUP BY t1.template, t1.data_extra, t1.ROW;
text.sas;29;WORK;TEST2_TABLA3281_VUELTA_BS;t1;BSCO_4;CHECK_3281_BS_CONSO;undefined;C300;undefined;TEST2_TABLA3281_VUELTA_BS;(SUM(t1.C300));WHERE t1.ROW='R010';GROUP BY t1.template, t1.data_extra, t1.ROW;
text.sas;29;WORK;TEST2_TABLA3281_VUELTA_BS;t1;BSCO_4;CHECK_3281_BS_CONSO;undefined;C_PDxEAD;undefined;TEST2_TABLA3281_VUELTA_BS;(SUM(t1.C_PDxEAD));WHERE t1.ROW='R010';GROUP BY t1.template, t1.data_extra, t1.ROW;
text.sas;29;WORK;TEST2_TABLA3281_VUELTA_BS;t1;BSCO_4;CHECK_3281_BS_CONSO;undefined;C_LGDxEAD;undefined;TEST2_TABLA3281_VUELTA_BS;(SUM(t1.C_LGDxEAD));WHERE t1.ROW='R010';GROUP BY t1.template, t1.data_extra, t1.ROW;
text.sas;29;WORK;TEST2_TABLA3281_VUELTA_BS;t1;BSCO_4;CHECK_3281_BS_CONSO;undefined;C_LGDEFxEAD;undefined;TEST2_TABLA3281_VUELTA_BS;(SUM(t1.C_LGDEFxEAD));WHERE t1.ROW='R010';GROUP BY t1.template, t1.data_extra, t1.ROW;
text.sas;29;WORK;TEST2_TABLA3281_VUELTA_BS;t1;BSCO_4;CHECK_3281_BS_CONSO;undefined;C_MxEAD;undefined;TEST2_TABLA3281_VUELTA_BS;(SUM(t1.C_MxEAD));WHERE t1.ROW='R010';GROUP BY t1.template, t1.data_extra, t1.ROW;
text.sas;30;WORK;TEST2_TABLA3281_VUELTA_BS;undefined;WORK;TABLA3281_BS_TSB_PRE1;undefined;NO;COLUMNS;DEFINED;;;;
text.sas;30;WORK;TEST2_TABLA3281_VUELTA_TSB;undefined;WORK;TABLA3281_BS_TSB_PRE1;undefined;NO;COLUMNS;DEFINED;;;;
text.sas;31;WORK;TABLA3281_BS_TSB_PRE1;t1;WORK;TABLA3281_BS_TSB_PRE1_5;undefined;sss;t1;TABLA3281_BS_TSB_PRE1;template;;;
text.sas;31;WORK;TABLA3281_BS_TSB_PRE1;t1;WORK;TABLA3281_BS_TSB_PRE1_5;undefined;t1.data_extra;t1;TABLA3281_BS_TSB_PRE1;data_extra;;;
text.sas;31;WORK;TABLA3281_BS_TSB_PRE1;t1;WORK;TABLA3281_BS_TSB_PRE1_5;undefined;t1.ROW;t1;TABLA3281_BS_TSB_PRE1;ROW;;;
text.sas;31;WORK;TABLA3281_BS_TSB_PRE1;t1;WORK;TABLA3281_BS_TSB_PRE1_5;undefined;C010;undefined;TABLA3281_BS_TSB_PRE1;case when C010=. then 0 else C010 end ;;;
text.sas;31;WORK;TABLA3281_BS_TSB_PRE1;t1;WORK;TABLA3281_BS_TSB_PRE1_5;undefined;C020;undefined;TABLA3281_BS_TSB_PRE1; case when C020=. then 0 else C020 end ;;;
text.sas;31;WORK;TABLA3281_BS_TSB_PRE1;t1;WORK;TABLA3281_BS_TSB_PRE1_5;undefined;C030;undefined;TABLA3281_BS_TSB_PRE1;case when C030=. then 0 else C030 end ;;;
text.sas;31;WORK;TABLA3281_BS_TSB_PRE1;t1;WORK;TABLA3281_BS_TSB_PRE1_5;undefined;C040;undefined;TABLA3281_BS_TSB_PRE1; case when C040=. then 0 else C040 end ;;;
text.sas;31;WORK;TABLA3281_BS_TSB_PRE1;t1;WORK;TABLA3281_BS_TSB_PRE1_5;undefined;C070;undefined;TABLA3281_BS_TSB_PRE1; case when C070=. then 0 else C070 end ;;;
text.sas;31;WORK;TABLA3281_BS_TSB_PRE1;t1;WORK;TABLA3281_BS_TSB_PRE1_5;undefined;C080;undefined;TABLA3281_BS_TSB_PRE1; case when C080=. then 0 else C080 end ;;;
text.sas;31;WORK;TABLA3281_BS_TSB_PRE1;t1;WORK;TABLA3281_BS_TSB_PRE1_5;undefined;C090;undefined;TABLA3281_BS_TSB_PRE1;case when C090=. then 0 else C090 end ;;;
text.sas;31;WORK;TABLA3281_BS_TSB_PRE1;t1;WORK;TABLA3281_BS_TSB_PRE1_5;undefined;C100;undefined;TABLA3281_BS_TSB_PRE1; case when C100=. then 0 else C100 end ;;;
text.sas;31;WORK;TABLA3281_BS_TSB_PRE1;t1;WORK;TABLA3281_BS_TSB_PRE1_5;undefined;C110;undefined;TABLA3281_BS_TSB_PRE1; case when C110=. then 0 else C110 end ;;;
text.sas;31;WORK;TABLA3281_BS_TSB_PRE1;t1;WORK;TABLA3281_BS_TSB_PRE1_5;undefined;C120;undefined;TABLA3281_BS_TSB_PRE1; case when C120=. then 0 else C120 end ;;;
text.sas;31;WORK;TABLA3281_BS_TSB_PRE1;t1;WORK;TABLA3281_BS_TSB_PRE1_5;undefined;C130;undefined;TABLA3281_BS_TSB_PRE1;case when C130=. then 0 else C130 end ;;;
text.sas;31;WORK;TABLA3281_BS_TSB_PRE1;t1;WORK;TABLA3281_BS_TSB_PRE1_5;undefined;C140;undefined;TABLA3281_BS_TSB_PRE1;case when C140=. then 0 else C140 end ;;;
text.sas;31;WORK;TABLA3281_BS_TSB_PRE1;t1;WORK;TABLA3281_BS_TSB_PRE1_5;undefined;C150;undefined;TABLA3281_BS_TSB_PRE1;case when C150=. then 0 else C150 end ;;;
text.sas;31;WORK;TABLA3281_BS_TSB_PRE1;t1;WORK;TABLA3281_BS_TSB_PRE1_5;undefined;C180;undefined;TABLA3281_BS_TSB_PRE1; case when C180=. then 0 else C180 end ;;;
text.sas;31;WORK;TABLA3281_BS_TSB_PRE1;t1;WORK;TABLA3281_BS_TSB_PRE1_5;undefined;C190;undefined;TABLA3281_BS_TSB_PRE1; case when C190=. then 0 else C190 end ;;;
text.sas;31;WORK;TABLA3281_BS_TSB_PRE1;t1;WORK;TABLA3281_BS_TSB_PRE1_5;undefined;C200;undefined;TABLA3281_BS_TSB_PRE1; case when C200=. then 0 else C200 end ;;;
text.sas;31;WORK;TABLA3281_BS_TSB_PRE1;t1;WORK;TABLA3281_BS_TSB_PRE1_5;undefined;C230;undefined;TABLA3281_BS_TSB_PRE1; case when C230=. then 0 else C230 end ;;;
text.sas;31;WORK;TABLA3281_BS_TSB_PRE1;t1;WORK;TABLA3281_BS_TSB_PRE1_5;undefined;C240;undefined;TABLA3281_BS_TSB_PRE1; case when C240=. then 0 else C240 end ;;;
text.sas;31;WORK;TABLA3281_BS_TSB_PRE1;t1;WORK;TABLA3281_BS_TSB_PRE1_5;undefined;C250;undefined;TABLA3281_BS_TSB_PRE1; case when C250=. then 0 else C250 end ;;;
text.sas;31;WORK;TABLA3281_BS_TSB_PRE1;t1;WORK;TABLA3281_BS_TSB_PRE1_5;undefined;C255;undefined;TABLA3281_BS_TSB_PRE1; case when C255=. then 0 else C255 end ;;;
text.sas;31;WORK;TABLA3281_BS_TSB_PRE1;t1;WORK;TABLA3281_BS_TSB_PRE1_5;undefined;C250;undefined;TABLA3281_BS_TSB_PRE1;case when C250=. then 0 else C250 end ;;;
text.sas;31;WORK;TABLA3281_BS_TSB_PRE1;t1;WORK;TABLA3281_BS_TSB_PRE1_5;undefined;C260;undefined;TABLA3281_BS_TSB_PRE1;case when C260=. then 0 else C260 end ;;;
text.sas;31;WORK;TABLA3281_BS_TSB_PRE1;t1;WORK;TABLA3281_BS_TSB_PRE1_5;undefined;C270;undefined;TABLA3281_BS_TSB_PRE1;case when C270=. then 0 else C270 end ;;;
text.sas;31;WORK;TABLA3281_BS_TSB_PRE1;t1;WORK;TABLA3281_BS_TSB_PRE1_5;undefined;C280;undefined;TABLA3281_BS_TSB_PRE1;case when C280=. then 0 else C280 end ;;;
text.sas;31;WORK;TABLA3281_BS_TSB_PRE1;t1;WORK;TABLA3281_BS_TSB_PRE1_5;undefined;C290;undefined;TABLA3281_BS_TSB_PRE1;case when C290=. then 0 else C290 end ;;;
text.sas;31;WORK;TABLA3281_BS_TSB_PRE1;t1;WORK;TABLA3281_BS_TSB_PRE1_5;undefined;C300;undefined;TABLA3281_BS_TSB_PRE1;case when C300=. then 0 else C300 end ;;;
text.sas;31;WORK;TABLA3281_BS_TSB_PRE1;t1;WORK;TABLA3281_BS_TSB_PRE1_5;undefined;C_PDxEAD;undefined;TABLA3281_BS_TSB_PRE1;C_PDxEAD;;;
text.sas;31;WORK;TABLA3281_BS_TSB_PRE1;t1;WORK;TABLA3281_BS_TSB_PRE1_5;undefined;C_LGDxEAD;undefined;TABLA3281_BS_TSB_PRE1;C_LGDxEAD;;;
text.sas;31;WORK;TABLA3281_BS_TSB_PRE1;t1;WORK;TABLA3281_BS_TSB_PRE1_5;undefined;C_LGDEFxEAD;undefined;TABLA3281_BS_TSB_PRE1;C_LGDEFxEAD;;;
text.sas;31;WORK;TABLA3281_BS_TSB_PRE1;t1;WORK;TABLA3281_BS_TSB_PRE1_5;undefined;C_MxEAD;undefined;TABLA3281_BS_TSB_PRE1;C_MxEAD;;;
text.sas;32;WORK;TABLA3281_BS_TSB_PRE1_5;t1;WORK;TABLA3281_BS_TSB_PRE2;undefined;t1.template;t1;TABLA3281_BS_TSB_PRE1_5;template;;GROUP BY t1.template, t1.data_extra, t1.ROW;
text.sas;32;WORK;TABLA3281_BS_TSB_PRE1_5;t1;WORK;TABLA3281_BS_TSB_PRE2;undefined;t1.data_extra;t1;TABLA3281_BS_TSB_PRE1_5;data_extra;;GROUP BY t1.template, t1.data_extra, t1.ROW;
text.sas;32;WORK;TABLA3281_BS_TSB_PRE1_5;t1;WORK;TABLA3281_BS_TSB_PRE2;undefined;t1.ROW;t1;TABLA3281_BS_TSB_PRE1_5;ROW;;GROUP BY t1.template, t1.data_extra, t1.ROW;
text.sas;32;WORK;TABLA3281_BS_TSB_PRE1_5;t1;WORK;TABLA3281_BS_TSB_PRE2;undefined;C010;undefined;TABLA3281_BS_TSB_PRE1_5;(SUM(t1.C010));;GROUP BY t1.template, t1.data_extra, t1.ROW;
text.sas;32;WORK;TABLA3281_BS_TSB_PRE1_5;t1;WORK;TABLA3281_BS_TSB_PRE2;undefined;C020;undefined;TABLA3281_BS_TSB_PRE1_5;(SUM(t1.C020));;GROUP BY t1.template, t1.data_extra, t1.ROW;
text.sas;32;WORK;TABLA3281_BS_TSB_PRE1_5;t1;WORK;TABLA3281_BS_TSB_PRE2;undefined;C030;undefined;TABLA3281_BS_TSB_PRE1_5;(SUM(t1.C030));;GROUP BY t1.template, t1.data_extra, t1.ROW;
text.sas;32;WORK;TABLA3281_BS_TSB_PRE1_5;t1;WORK;TABLA3281_BS_TSB_PRE2;undefined;C040;undefined;TABLA3281_BS_TSB_PRE1_5;(SUM(t1.C040));;GROUP BY t1.template, t1.data_extra, t1.ROW;
text.sas;32;WORK;TABLA3281_BS_TSB_PRE1_5;t1;WORK;TABLA3281_BS_TSB_PRE2;undefined;C070;undefined;TABLA3281_BS_TSB_PRE1_5;(SUM(t1.C070));;GROUP BY t1.template, t1.data_extra, t1.ROW;
text.sas;32;WORK;TABLA3281_BS_TSB_PRE1_5;t1;WORK;TABLA3281_BS_TSB_PRE2;undefined;C080;undefined;TABLA3281_BS_TSB_PRE1_5;(SUM(t1.C080));;GROUP BY t1.template, t1.data_extra, t1.ROW;
text.sas;32;WORK;TABLA3281_BS_TSB_PRE1_5;t1;WORK;TABLA3281_BS_TSB_PRE2;undefined;C090;undefined;TABLA3281_BS_TSB_PRE1_5;(SUM(t1.C090));;GROUP BY t1.template, t1.data_extra, t1.ROW;
text.sas;32;WORK;TABLA3281_BS_TSB_PRE1_5;t1;WORK;TABLA3281_BS_TSB_PRE2;undefined;C100;undefined;TABLA3281_BS_TSB_PRE1_5;(SUM(t1.C100));;GROUP BY t1.template, t1.data_extra, t1.ROW;
text.sas;32;WORK;TABLA3281_BS_TSB_PRE1_5;t1;WORK;TABLA3281_BS_TSB_PRE2;undefined;C110;undefined;TABLA3281_BS_TSB_PRE1_5;(SUM(t1.C110));;GROUP BY t1.template, t1.data_extra, t1.ROW;
text.sas;32;WORK;TABLA3281_BS_TSB_PRE1_5;t1;WORK;TABLA3281_BS_TSB_PRE2;undefined;C120;undefined;TABLA3281_BS_TSB_PRE1_5;(SUM(t1.C120));;GROUP BY t1.template, t1.data_extra, t1.ROW;
text.sas;32;WORK;TABLA3281_BS_TSB_PRE1_5;t1;WORK;TABLA3281_BS_TSB_PRE2;undefined;C130;undefined;TABLA3281_BS_TSB_PRE1_5;(SUM(t1.C130));;GROUP BY t1.template, t1.data_extra, t1.ROW;
text.sas;32;WORK;TABLA3281_BS_TSB_PRE1_5;t1;WORK;TABLA3281_BS_TSB_PRE2;undefined;C140;undefined;TABLA3281_BS_TSB_PRE1_5;(SUM(t1.C140));;GROUP BY t1.template, t1.data_extra, t1.ROW;
text.sas;32;WORK;TABLA3281_BS_TSB_PRE1_5;t1;WORK;TABLA3281_BS_TSB_PRE2;undefined;C150;undefined;TABLA3281_BS_TSB_PRE1_5;(SUM(t1.C150));;GROUP BY t1.template, t1.data_extra, t1.ROW;
text.sas;32;WORK;TABLA3281_BS_TSB_PRE1_5;t1;WORK;TABLA3281_BS_TSB_PRE2;undefined;C180;undefined;TABLA3281_BS_TSB_PRE1_5;(SUM(t1.C180));;GROUP BY t1.template, t1.data_extra, t1.ROW;
text.sas;32;WORK;TABLA3281_BS_TSB_PRE1_5;t1;WORK;TABLA3281_BS_TSB_PRE2;undefined;C190;undefined;TABLA3281_BS_TSB_PRE1_5;(SUM(t1.C190));;GROUP BY t1.template, t1.data_extra, t1.ROW;
text.sas;32;WORK;TABLA3281_BS_TSB_PRE1_5;t1;WORK;TABLA3281_BS_TSB_PRE2;undefined;C200;undefined;TABLA3281_BS_TSB_PRE1_5;(SUM(t1.C200));;GROUP BY t1.template, t1.data_extra, t1.ROW;
text.sas;32;WORK;TABLA3281_BS_TSB_PRE1_5;t1;WORK;TABLA3281_BS_TSB_PRE2;undefined;C230;undefined;TABLA3281_BS_TSB_PRE1_5;(SUM(t1.C230));;GROUP BY t1.template, t1.data_extra, t1.ROW;
text.sas;32;WORK;TABLA3281_BS_TSB_PRE1_5;t1;WORK;TABLA3281_BS_TSB_PRE2;undefined;C240;undefined;TABLA3281_BS_TSB_PRE1_5;(SUM(t1.C240));;GROUP BY t1.template, t1.data_extra, t1.ROW;
text.sas;32;WORK;TABLA3281_BS_TSB_PRE1_5;t1;WORK;TABLA3281_BS_TSB_PRE2;undefined;C250;undefined;TABLA3281_BS_TSB_PRE1_5;(SUM(t1.C250));;GROUP BY t1.template, t1.data_extra, t1.ROW;
text.sas;32;WORK;TABLA3281_BS_TSB_PRE1_5;t1;WORK;TABLA3281_BS_TSB_PRE2;undefined;C255;undefined;TABLA3281_BS_TSB_PRE1_5;(SUM(t1.C255));;GROUP BY t1.template, t1.data_extra, t1.ROW;
text.sas;32;WORK;TABLA3281_BS_TSB_PRE1_5;t1;WORK;TABLA3281_BS_TSB_PRE2;undefined;C260;undefined;TABLA3281_BS_TSB_PRE1_5;(SUM(t1.C260));;GROUP BY t1.template, t1.data_extra, t1.ROW;
text.sas;32;WORK;TABLA3281_BS_TSB_PRE1_5;t1;WORK;TABLA3281_BS_TSB_PRE2;undefined;C270;undefined;TABLA3281_BS_TSB_PRE1_5;(SUM(t1.C270));;GROUP BY t1.template, t1.data_extra, t1.ROW;
text.sas;32;WORK;TABLA3281_BS_TSB_PRE1_5;t1;WORK;TABLA3281_BS_TSB_PRE2;undefined;C280;undefined;TABLA3281_BS_TSB_PRE1_5;(SUM(t1.C280));;GROUP BY t1.template, t1.data_extra, t1.ROW;
text.sas;32;WORK;TABLA3281_BS_TSB_PRE1_5;t1;WORK;TABLA3281_BS_TSB_PRE2;undefined;C290;undefined;TABLA3281_BS_TSB_PRE1_5;(SUM(t1.C290));;GROUP BY t1.template, t1.data_extra, t1.ROW;
text.sas;32;WORK;TABLA3281_BS_TSB_PRE1_5;t1;WORK;TABLA3281_BS_TSB_PRE2;undefined;C300;undefined;TABLA3281_BS_TSB_PRE1_5;(SUM(t1.C300));;GROUP BY t1.template, t1.data_extra, t1.ROW;
text.sas;32;WORK;TABLA3281_BS_TSB_PRE1_5;t1;WORK;TABLA3281_BS_TSB_PRE2;undefined;C_PDxEAD;undefined;TABLA3281_BS_TSB_PRE1_5;(SUM(t1.C_PDxEAD));;GROUP BY t1.template, t1.data_extra, t1.ROW;
text.sas;32;WORK;TABLA3281_BS_TSB_PRE1_5;t1;WORK;TABLA3281_BS_TSB_PRE2;undefined;C_LGDxEAD;undefined;TABLA3281_BS_TSB_PRE1_5;(SUM(t1.C_LGDxEAD));;GROUP BY t1.template, t1.data_extra, t1.ROW;
text.sas;32;WORK;TABLA3281_BS_TSB_PRE1_5;t1;WORK;TABLA3281_BS_TSB_PRE2;undefined;C_LGDEFxEAD;undefined;TABLA3281_BS_TSB_PRE1_5;(SUM(t1.C_LGDEFxEAD));;GROUP BY t1.template, t1.data_extra, t1.ROW;
text.sas;32;WORK;TABLA3281_BS_TSB_PRE1_5;t1;WORK;TABLA3281_BS_TSB_PRE2;undefined;C_MxEAD;undefined;TABLA3281_BS_TSB_PRE1_5;(SUM(t1.C_MxEAD));;GROUP BY t1.template, t1.data_extra, t1.ROW;
text.sas;32;WORK;TABLA3281_BS_TSB_PRE1_5;t1;WORK;TABLA3281_BS_TSB_PRE2;undefined;C110_PD;undefined;TABLA3281_BS_TSB_PRE1_5;se when C_PDxEAD NOT=. then C110 else 0 end;;GROUP BY t1.template, t1.data_extra, t1.ROW;
text.sas;32;WORK;TABLA3281_BS_TSB_PRE1_5;t1;WORK;TABLA3281_BS_TSB_PRE2;undefined;C110_LGD;undefined;TABLA3281_BS_TSB_PRE1_5;se when C_LGDxEAD NOT=. then C110 else 0 end;;GROUP BY t1.template, t1.data_extra, t1.ROW;
text.sas;32;WORK;TABLA3281_BS_TSB_PRE1_5;t1;WORK;TABLA3281_BS_TSB_PRE2;undefined;C140_LGD;undefined;TABLA3281_BS_TSB_PRE1_5;se when C_LGDEFxEAD NOT=. then C140 else 0 end;;GROUP BY t1.template, t1.data_extra, t1.ROW;
text.sas;32;WORK;TABLA3281_BS_TSB_PRE1_5;t1;WORK;TABLA3281_BS_TSB_PRE2;undefined;C110_M;undefined;TABLA3281_BS_TSB_PRE1_5;se when C_MxEAD NOT=. then C110 else 0 end;;GROUP BY t1.template, t1.data_extra, t1.ROW;
text.sas;33;WORK;TABLA3281_BS_TSB_PRE2;t1;WORK;TABLA3281_BS_TSB_FIN;undefined;t1.template;t1;TABLA3281_BS_TSB_PRE2;template;;;
text.sas;33;WORK;TABLA3281_BS_TSB_PRE2;t1;WORK;TABLA3281_BS_TSB_FIN;undefined;t1.data_extra;t1;TABLA3281_BS_TSB_PRE2;data_extra;;;
text.sas;33;WORK;TABLA3281_BS_TSB_PRE2;t1;WORK;TABLA3281_BS_TSB_FIN;undefined;t1.ROW;t1;TABLA3281_BS_TSB_PRE2;ROW;;;
text.sas;33;WORK;TABLA3281_BS_TSB_PRE2;t1;WORK;TABLA3281_BS_TSB_FIN;undefined;C010;t1;TABLA3281_BS_TSB_PRE2;C_PDxEAD/C110_PD;;;
text.sas;33;WORK;TABLA3281_BS_TSB_PRE2;t1;WORK;TABLA3281_BS_TSB_FIN;undefined;t1.C020;t1;TABLA3281_BS_TSB_PRE2;C020;;;
text.sas;33;WORK;TABLA3281_BS_TSB_PRE2;t1;WORK;TABLA3281_BS_TSB_FIN;undefined;t1.C030;t1;TABLA3281_BS_TSB_PRE2;C030;;;
text.sas;33;WORK;TABLA3281_BS_TSB_PRE2;t1;WORK;TABLA3281_BS_TSB_FIN;undefined;t1.C040;t1;TABLA3281_BS_TSB_PRE2;C040;;;
text.sas;33;WORK;TABLA3281_BS_TSB_PRE2;t1;WORK;TABLA3281_BS_TSB_FIN;undefined;C050;undefined;TABLA3281_BS_TSB_PRE2;undefined;;;
text.sas;33;WORK;TABLA3281_BS_TSB_PRE2;t1;WORK;TABLA3281_BS_TSB_FIN;undefined;C060;undefined;TABLA3281_BS_TSB_PRE2;undefined;;;
text.sas;33;WORK;TABLA3281_BS_TSB_PRE2;t1;WORK;TABLA3281_BS_TSB_FIN;undefined;t1.C070;t1;TABLA3281_BS_TSB_PRE2;C070;;;
text.sas;33;WORK;TABLA3281_BS_TSB_PRE2;t1;WORK;TABLA3281_BS_TSB_FIN;undefined;t1.C080;t1;TABLA3281_BS_TSB_PRE2;C080;;;
text.sas;33;WORK;TABLA3281_BS_TSB_PRE2;t1;WORK;TABLA3281_BS_TSB_FIN;undefined;t1.C090;t1;TABLA3281_BS_TSB_PRE2;C090;;;
text.sas;33;WORK;TABLA3281_BS_TSB_PRE2;t1;WORK;TABLA3281_BS_TSB_FIN;undefined;t1.C100;t1;TABLA3281_BS_TSB_PRE2;C100;;;
text.sas;33;WORK;TABLA3281_BS_TSB_PRE2;t1;WORK;TABLA3281_BS_TSB_FIN;undefined;t1.C110;t1;TABLA3281_BS_TSB_PRE2;C110;;;
text.sas;33;WORK;TABLA3281_BS_TSB_PRE2;t1;WORK;TABLA3281_BS_TSB_FIN;undefined;t1.C120;t1;TABLA3281_BS_TSB_PRE2;C120;;;
text.sas;33;WORK;TABLA3281_BS_TSB_PRE2;t1;WORK;TABLA3281_BS_TSB_FIN;undefined;t1.C130;t1;TABLA3281_BS_TSB_PRE2;C130;;;
text.sas;33;WORK;TABLA3281_BS_TSB_PRE2;t1;WORK;TABLA3281_BS_TSB_FIN;undefined;t1.C140;t1;TABLA3281_BS_TSB_PRE2;C140;;;
text.sas;33;WORK;TABLA3281_BS_TSB_PRE2;t1;WORK;TABLA3281_BS_TSB_FIN;undefined;t1.C150;t1;TABLA3281_BS_TSB_PRE2;C150;;;
text.sas;33;WORK;TABLA3281_BS_TSB_PRE2;t1;WORK;TABLA3281_BS_TSB_FIN;undefined;C160;undefined;TABLA3281_BS_TSB_PRE2;undefined;;;
text.sas;33;WORK;TABLA3281_BS_TSB_PRE2;t1;WORK;TABLA3281_BS_TSB_FIN;undefined;C170;undefined;TABLA3281_BS_TSB_PRE2;undefined;;;
text.sas;33;WORK;TABLA3281_BS_TSB_PRE2;t1;WORK;TABLA3281_BS_TSB_FIN;undefined;t1.C180;t1;TABLA3281_BS_TSB_PRE2;C180;;;
text.sas;33;WORK;TABLA3281_BS_TSB_PRE2;t1;WORK;TABLA3281_BS_TSB_FIN;undefined;t1.C190;t1;TABLA3281_BS_TSB_PRE2;C190;;;
text.sas;33;WORK;TABLA3281_BS_TSB_PRE2;t1;WORK;TABLA3281_BS_TSB_FIN;undefined;t1.C200;t1;TABLA3281_BS_TSB_PRE2;C200;;;
text.sas;33;WORK;TABLA3281_BS_TSB_PRE2;t1;WORK;TABLA3281_BS_TSB_FIN;undefined;C210;undefined;TABLA3281_BS_TSB_PRE2;undefined;;;
text.sas;33;WORK;TABLA3281_BS_TSB_PRE2;t1;WORK;TABLA3281_BS_TSB_FIN;undefined;C220;undefined;TABLA3281_BS_TSB_PRE2;undefined;;;
text.sas;33;WORK;TABLA3281_BS_TSB_PRE2;t1;WORK;TABLA3281_BS_TSB_FIN;undefined;C230;undefined;TABLA3281_BS_TSB_PRE2;C_LGDxEAD/(C110_LGD-C140_LGD);;;
text.sas;33;WORK;TABLA3281_BS_TSB_PRE2;t1;WORK;TABLA3281_BS_TSB_FIN;undefined;C240;undefined;TABLA3281_BS_TSB_PRE2;C_LGDEFxEAD/C140_LGD;;;
text.sas;33;WORK;TABLA3281_BS_TSB_PRE2;t1;WORK;TABLA3281_BS_TSB_FIN;undefined;C250;undefined;TABLA3281_BS_TSB_PRE2;C_MxEAD/C110_M;;;
text.sas;33;WORK;TABLA3281_BS_TSB_PRE2;t1;WORK;TABLA3281_BS_TSB_FIN;undefined;t1.C255;t1;TABLA3281_BS_TSB_PRE2;C255;;;
text.sas;33;WORK;TABLA3281_BS_TSB_PRE2;t1;WORK;TABLA3281_BS_TSB_FIN;undefined;t1.C260;t1;TABLA3281_BS_TSB_PRE2;C260;;;
text.sas;33;WORK;TABLA3281_BS_TSB_PRE2;t1;WORK;TABLA3281_BS_TSB_FIN;undefined;t1.C270;t1;TABLA3281_BS_TSB_PRE2;C270;;;
text.sas;33;WORK;TABLA3281_BS_TSB_PRE2;t1;WORK;TABLA3281_BS_TSB_FIN;undefined;t1.C280;t1;TABLA3281_BS_TSB_PRE2;C280;;;
text.sas;33;WORK;TABLA3281_BS_TSB_PRE2;t1;WORK;TABLA3281_BS_TSB_FIN;undefined;t1.C290;t1;TABLA3281_BS_TSB_PRE2;C290;;;
text.sas;33;WORK;TABLA3281_BS_TSB_PRE2;t1;WORK;TABLA3281_BS_TSB_FIN;undefined;t1.C300;t1;TABLA3281_BS_TSB_PRE2;C300;;;
text.sas;34;WORK;TABLA3281_BS_TSB_FIN;t1WHERE;bsco_4;CHECK_3281_BS_TSB_CONSO;undefined;*;undefined;TABLA3281_BS_TSB_FIN;*;;;
text.sas;35;WORK;TABLA3281_BS_TSB_FIN;undefined;WORK;ORDEN_FIN3281;undefined;TEMPLATE;undefined;TABLA3281_BS_TSB_FIN;TEMPLATE;;;BY TEMPLATE DATA_EXTRA ROW
text.sas;35;WORK;TABLA3281_BS_TSB_FIN;undefined;WORK;ORDEN_FIN3281;undefined;DATA_EXTRA;undefined;TABLA3281_BS_TSB_FIN;DATA_EXTRA;;;BY TEMPLATE DATA_EXTRA ROW
text.sas;35;WORK;TABLA3281_BS_TSB_FIN;undefined;WORK;ORDEN_FIN3281;undefined;ROW;undefined;TABLA3281_BS_TSB_FIN;ROW;;;BY TEMPLATE DATA_EXTRA ROW
text.sas;35;WORK;TABLA3281_BS_TSB_FIN;undefined;WORK;ORDEN_FIN3281;undefined;C:;undefined;TABLA3281_BS_TSB_FIN;C:;;;BY TEMPLATE DATA_EXTRA ROW
text.sas;36;WORK;ORDEN_FIN3281;undefined;WORK;COL_FIN3281;undefined;NO;COLUMNS;DEFINED;;;;BY TEMPLATE DATA_EXTRA ROW
text.sas;37;WORK;COL_FIN3281;t1;WORK;PYRAMID_3281_BS_TSB_FIN;undefined;t1.TEMPLATE;t1;COL_FIN3281;TEMPLATE;WHERE t1.COL1 NOT=.;;ORDER BY t2.COREP_2, t1.DATA_EXTRA, t2.CEL
text.sas;37;WORK;COL_FIN3281;t1;WORK;PYRAMID_3281_BS_TSB_FIN;undefined;t1.ROW;t1;COL_FIN3281;ROW;WHERE t1.COL1 NOT=.;;ORDER BY t2.COREP_2, t1.DATA_EXTRA, t2.CEL
text.sas;37;WORK;COL_FIN3281;t1;WORK;PYRAMID_3281_BS_TSB_FIN;undefined;t1.COL;t1;COL_FIN3281;COL;WHERE t1.COL1 NOT=.;;ORDER BY t2.COREP_2, t1.DATA_EXTRA, t2.CEL
text.sas;37;WORK;COL_FIN3281;t1;WORK;PYRAMID_3281_BS_TSB_FIN;undefined;t2.COREP_2;t2;MAESTRO_CELDAS_COREP;COREP_2;WHERE t1.COL1 NOT=.;;ORDER BY t2.COREP_2, t1.DATA_EXTRA, t2.CEL
text.sas;37;WORK;COL_FIN3281;t1;WORK;PYRAMID_3281_BS_TSB_FIN;undefined;t1.DATA_EXTRA;t1;COL_FIN3281;DATA_EXTRA;WHERE t1.COL1 NOT=.;;ORDER BY t2.COREP_2, t1.DATA_EXTRA, t2.CEL
text.sas;37;WORK;COL_FIN3281;t1;WORK;PYRAMID_3281_BS_TSB_FIN;undefined;t2.CEL;t2;MAESTRO_CELDAS_COREP;CEL;WHERE t1.COL1 NOT=.;;ORDER BY t2.COREP_2, t1.DATA_EXTRA, t2.CEL
text.sas;37;WORK;COL_FIN3281;t1;WORK;PYRAMID_3281_BS_TSB_FIN;undefined;t1.COL1;t1;COL_FIN3281;COL1;WHERE t1.COL1 NOT=.;;ORDER BY t2.COREP_2, t1.DATA_EXTRA, t2.CEL
text.sas;37;BSCO;MAESTRO_CELDAS_COREP;t2;WORK;PYRAMID_3281_BS_TSB_FIN;undefined;t1.TEMPLATE;t1;COL_FIN3281;TEMPLATE;WHERE t1.COL1 NOT=.;;ORDER BY t2.COREP_2, t1.DATA_EXTRA, t2.CEL
text.sas;37;BSCO;MAESTRO_CELDAS_COREP;t2;WORK;PYRAMID_3281_BS_TSB_FIN;undefined;t1.ROW;t1;COL_FIN3281;ROW;WHERE t1.COL1 NOT=.;;ORDER BY t2.COREP_2, t1.DATA_EXTRA, t2.CEL
text.sas;37;BSCO;MAESTRO_CELDAS_COREP;t2;WORK;PYRAMID_3281_BS_TSB_FIN;undefined;t1.COL;t1;COL_FIN3281;COL;WHERE t1.COL1 NOT=.;;ORDER BY t2.COREP_2, t1.DATA_EXTRA, t2.CEL
text.sas;37;BSCO;MAESTRO_CELDAS_COREP;t2;WORK;PYRAMID_3281_BS_TSB_FIN;undefined;t2.COREP_2;t2;MAESTRO_CELDAS_COREP;COREP_2;WHERE t1.COL1 NOT=.;;ORDER BY t2.COREP_2, t1.DATA_EXTRA, t2.CEL
text.sas;37;BSCO;MAESTRO_CELDAS_COREP;t2;WORK;PYRAMID_3281_BS_TSB_FIN;undefined;t1.DATA_EXTRA;t1;COL_FIN3281;DATA_EXTRA;WHERE t1.COL1 NOT=.;;ORDER BY t2.COREP_2, t1.DATA_EXTRA, t2.CEL
text.sas;37;BSCO;MAESTRO_CELDAS_COREP;t2;WORK;PYRAMID_3281_BS_TSB_FIN;undefined;t2.CEL;t2;MAESTRO_CELDAS_COREP;CEL;WHERE t1.COL1 NOT=.;;ORDER BY t2.COREP_2, t1.DATA_EXTRA, t2.CEL
text.sas;37;BSCO;MAESTRO_CELDAS_COREP;t2;WORK;PYRAMID_3281_BS_TSB_FIN;undefined;t1.COL1;t1;COL_FIN3281;COL1;WHERE t1.COL1 NOT=.;;ORDER BY t2.COREP_2, t1.DATA_EXTRA, t2.CEL
text.sas;38;WORK;PYRAMID_3281_BS_TSB_FIN;undefined;bsco_4;PYRAMID_3281_FIN_CONSO_&mes;undefined;NO;COLUMNS;DEFINED;;;;
text.sas;39;BSCO_4;CHECK_3281_BS_TSB_CONSO;t1;WORK;C92_1_CATEGO;undefined;t1.template;t1;CHECK_3281_BS_TSB_CONSO;template;;;
text.sas;39;BSCO_4;CHECK_3281_BS_TSB_CONSO;t1;WORK;C92_1_CATEGO;undefined;t1.data_extra;t1;CHECK_3281_BS_TSB_CONSO;data_extra;;;
text.sas;39;BSCO_4;CHECK_3281_BS_TSB_CONSO;t1;WORK;C92_1_CATEGO;undefined;t1.ROW;t1;CHECK_3281_BS_TSB_CONSO;ROW;;;
text.sas;39;BSCO_4;CHECK_3281_BS_TSB_CONSO;t1;WORK;C92_1_CATEGO;undefined;PDxEAD;undefined;CHECK_3281_BS_TSB_CONSO;(t1.C010*t1.C110);;;
text.sas;39;BSCO_4;CHECK_3281_BS_TSB_CONSO;t1;WORK;C92_1_CATEGO;undefined;C110_EAD;t1;CHECK_3281_BS_TSB_CONSO;C110;;;
text.sas;39;BSCO_4;CHECK_3281_BS_TSB_CONSO;t1;WORK;C92_1_CATEGO;undefined;LGDxEAD_noEEFF;undefined;CHECK_3281_BS_TSB_CONSO;(t1.C230*(t1.C110-t1.C140));;;
text.sas;39;BSCO_4;CHECK_3281_BS_TSB_CONSO;t1;WORK;C92_1_CATEGO;undefined;C140_EAD_EEFF;t1;CHECK_3281_BS_TSB_CONSO;C140;;;
text.sas;39;BSCO_4;CHECK_3281_BS_TSB_CONSO;t1;WORK;C92_1_CATEGO;undefined;EAD_no_EEFF;undefined;CHECK_3281_BS_TSB_CONSO;(t1.C110-t1.C140);;;
text.sas;39;BSCO_4;CHECK_3281_BS_TSB_CONSO;t1;WORK;C92_1_CATEGO;undefined;CAT_TOTAL;undefined;CHECK_3281_BS_TSB_CONSO;when data_extra IN '006','007','011','013','014','015','016','017' then 1 else 0 end;;;
text.sas;39;BSCO_4;CHECK_3281_BS_TSB_CONSO;t1;WORK;C92_1_CATEGO;undefined;CAT_CORP;undefined;CHECK_3281_BS_TSB_CONSO;when data_extra IN '007','011' then 1 else 0 end;;;
text.sas;39;BSCO_4;CHECK_3281_BS_TSB_CONSO;t1;WORK;C92_1_CATEGO;undefined;CAT_RETAIL;undefined;CHECK_3281_BS_TSB_CONSO;when data_extra IN '013','014','015','016','017' then 1 else 0 end;;;
text.sas;39;BSCO_4;CHECK_3281_BS_TSB_CONSO;t1;WORK;C92_1_CATEGO;undefined;CAT_HIPO;undefined;CHECK_3281_BS_TSB_CONSO;when data_extra IN '013','014' Then 1 else 0 end;;;
text.sas;39;BSCO_4;CHECK_3281_BS_TSB_CONSO;t1;WORK;C92_1_CATEGO;undefined;CAT_OTHER_RETAIL;undefined;CHECK_3281_BS_TSB_CONSO;when data_extra IN '016','017' then 1 else 0 end;;;
text.sas;40;WORK;C92_1_CATEGO;t1;WORK;C92_1_CATEGO_CORP;undefined;PDxEAD;undefined;C92_1_CATEGO;(SUM(t1.PDxEAD));WHERE t1.CAT_CORP=1;GROUP BY t1.CAT_CORP;
text.sas;40;WORK;C92_1_CATEGO;t1;WORK;C92_1_CATEGO_CORP;undefined;C110_EAD;undefined;C92_1_CATEGO;(SUM(t1.C110_EAD));WHERE t1.CAT_CORP=1;GROUP BY t1.CAT_CORP;
text.sas;40;WORK;C92_1_CATEGO;t1;WORK;C92_1_CATEGO_CORP;undefined;LGDxEAD_noEEFF;undefined;C92_1_CATEGO;(SUM(t1.LGDxEAD_noEEFF));WHERE t1.CAT_CORP=1;GROUP BY t1.CAT_CORP;
text.sas;40;WORK;C92_1_CATEGO;t1;WORK;C92_1_CATEGO_CORP;undefined;C140_EAD_EEFF;undefined;C92_1_CATEGO;(SUM(t1.C140_EAD_EEFF));WHERE t1.CAT_CORP=1;GROUP BY t1.CAT_CORP;
text.sas;40;WORK;C92_1_CATEGO;t1;WORK;C92_1_CATEGO_CORP;undefined;EAD_no_EEFF;undefined;C92_1_CATEGO;(SUM(t1.EAD_no_EEFF));WHERE t1.CAT_CORP=1;GROUP BY t1.CAT_CORP;
text.sas;40;WORK;C92_1_CATEGO;t1;WORK;C92_1_CATEGO_CORP;undefined;CEL_PD;undefined;C92_1_CATEGO;'0703';WHERE t1.CAT_CORP=1;GROUP BY t1.CAT_CORP;
text.sas;40;WORK;C92_1_CATEGO;t1;WORK;C92_1_CATEGO_CORP;undefined;CEL_LGD;undefined;C92_1_CATEGO;'0803';WHERE t1.CAT_CORP=1;GROUP BY t1.CAT_CORP;
text.sas;40;WORK;C92_1_CATEGO;t1;WORK;C92_1_CATEGO_CORP;undefined;ROW;undefined;C92_1_CATEGO;'R030';WHERE t1.CAT_CORP=1;GROUP BY t1.CAT_CORP;
text.sas;41;WORK;C92_1_CATEGO;t1;WORK;C92_1_CATEGO_RETAIL;undefined;PDxEAD;undefined;C92_1_CATEGO;(SUM(t1.PDxEAD));WHERE t1.CAT_RETAIL=1;GROUP BY t1.CAT_RETAIL;
text.sas;41;WORK;C92_1_CATEGO;t1;WORK;C92_1_CATEGO_RETAIL;undefined;C110_EAD;undefined;C92_1_CATEGO;(SUM(t1.C110_EAD));WHERE t1.CAT_RETAIL=1;GROUP BY t1.CAT_RETAIL;
text.sas;41;WORK;C92_1_CATEGO;t1;WORK;C92_1_CATEGO_RETAIL;undefined;LGDxEAD_noEEFF;undefined;C92_1_CATEGO;(SUM(t1.LGDxEAD_noEEFF));WHERE t1.CAT_RETAIL=1;GROUP BY t1.CAT_RETAIL;
text.sas;41;WORK;C92_1_CATEGO;t1;WORK;C92_1_CATEGO_RETAIL;undefined;C140_EAD_EEFF;undefined;C92_1_CATEGO;(SUM(t1.C140_EAD_EEFF));WHERE t1.CAT_RETAIL=1;GROUP BY t1.CAT_RETAIL;
text.sas;41;WORK;C92_1_CATEGO;t1;WORK;C92_1_CATEGO_RETAIL;undefined;EAD_no_EEFF;undefined;C92_1_CATEGO;(SUM(t1.EAD_no_EEFF));WHERE t1.CAT_RETAIL=1;GROUP BY t1.CAT_RETAIL;
text.sas;41;WORK;C92_1_CATEGO;t1;WORK;C92_1_CATEGO_RETAIL;undefined;CEL_PD;undefined;C92_1_CATEGO;'0706';WHERE t1.CAT_RETAIL=1;GROUP BY t1.CAT_RETAIL;
text.sas;41;WORK;C92_1_CATEGO;t1;WORK;C92_1_CATEGO_RETAIL;undefined;CEL_LGD;undefined;C92_1_CATEGO;'0806';WHERE t1.CAT_RETAIL=1;GROUP BY t1.CAT_RETAIL;
text.sas;41;WORK;C92_1_CATEGO;t1;WORK;C92_1_CATEGO_RETAIL;undefined;ROW;undefined;C92_1_CATEGO;'R060';WHERE t1.CAT_RETAIL=1;GROUP BY t1.CAT_RETAIL;
text.sas;42;WORK;C92_1_CATEGO;t1;WORK;C92_1_CATEGO_HIPO;undefined;PDxEAD;undefined;C92_1_CATEGO;(SUM(t1.PDxEAD));WHERE t1.CAT_HIPO=1;GROUP BY t1.CAT_HIPO;
text.sas;42;WORK;C92_1_CATEGO;t1;WORK;C92_1_CATEGO_HIPO;undefined;C110_EAD;undefined;C92_1_CATEGO;(SUM(t1.C110_EAD));WHERE t1.CAT_HIPO=1;GROUP BY t1.CAT_HIPO;
text.sas;42;WORK;C92_1_CATEGO;t1;WORK;C92_1_CATEGO_HIPO;undefined;LGDxEAD_noEEFF;undefined;C92_1_CATEGO;(SUM(t1.LGDxEAD_noEEFF));WHERE t1.CAT_HIPO=1;GROUP BY t1.CAT_HIPO;
text.sas;42;WORK;C92_1_CATEGO;t1;WORK;C92_1_CATEGO_HIPO;undefined;C140_EAD_EEFF;undefined;C92_1_CATEGO;(SUM(t1.C140_EAD_EEFF));WHERE t1.CAT_HIPO=1;GROUP BY t1.CAT_HIPO;
text.sas;42;WORK;C92_1_CATEGO;t1;WORK;C92_1_CATEGO_HIPO;undefined;EAD_no_EEFF;undefined;C92_1_CATEGO;(SUM(t1.EAD_no_EEFF));WHERE t1.CAT_HIPO=1;GROUP BY t1.CAT_HIPO;
text.sas;42;WORK;C92_1_CATEGO;t1;WORK;C92_1_CATEGO_HIPO;undefined;CEL_PD;undefined;C92_1_CATEGO;'0707';WHERE t1.CAT_HIPO=1;GROUP BY t1.CAT_HIPO;
text.sas;42;WORK;C92_1_CATEGO;t1;WORK;C92_1_CATEGO_HIPO;undefined;CEL_LGD;undefined;C92_1_CATEGO;'0807';WHERE t1.CAT_HIPO=1;GROUP BY t1.CAT_HIPO;
text.sas;42;WORK;C92_1_CATEGO;t1;WORK;C92_1_CATEGO_HIPO;undefined;ROW;undefined;C92_1_CATEGO;'R070';WHERE t1.CAT_HIPO=1;GROUP BY t1.CAT_HIPO;
text.sas;43;WORK;C92_1_CATEGO;t1;WORK;C92_1_CATEGO_OTHER_RETAIL;undefined;PDxEAD;undefined;C92_1_CATEGO;(SUM(t1.PDxEAD));WHERE t1.CAT_OTHER_RETAIL=1;GROUP BY t1.CAT_OTHER_RETAIL;
text.sas;43;WORK;C92_1_CATEGO;t1;WORK;C92_1_CATEGO_OTHER_RETAIL;undefined;C110_EAD;undefined;C92_1_CATEGO;(SUM(t1.C110_EAD));WHERE t1.CAT_OTHER_RETAIL=1;GROUP BY t1.CAT_OTHER_RETAIL;
text.sas;43;WORK;C92_1_CATEGO;t1;WORK;C92_1_CATEGO_OTHER_RETAIL;undefined;LGDxEAD_noEEFF;undefined;C92_1_CATEGO;(SUM(t1.LGDxEAD_noEEFF));WHERE t1.CAT_OTHER_RETAIL=1;GROUP BY t1.CAT_OTHER_RETAIL;
text.sas;43;WORK;C92_1_CATEGO;t1;WORK;C92_1_CATEGO_OTHER_RETAIL;undefined;C140_EAD_EEFF;undefined;C92_1_CATEGO;(SUM(t1.C140_EAD_EEFF));WHERE t1.CAT_OTHER_RETAIL=1;GROUP BY t1.CAT_OTHER_RETAIL;
text.sas;43;WORK;C92_1_CATEGO;t1;WORK;C92_1_CATEGO_OTHER_RETAIL;undefined;EAD_no_EEFF;undefined;C92_1_CATEGO;(SUM(t1.EAD_no_EEFF));WHERE t1.CAT_OTHER_RETAIL=1;GROUP BY t1.CAT_OTHER_RETAIL;
text.sas;43;WORK;C92_1_CATEGO;t1;WORK;C92_1_CATEGO_OTHER_RETAIL;undefined;CEL_PD;undefined;C92_1_CATEGO;'0711';WHERE t1.CAT_OTHER_RETAIL=1;GROUP BY t1.CAT_OTHER_RETAIL;
text.sas;43;WORK;C92_1_CATEGO;t1;WORK;C92_1_CATEGO_OTHER_RETAIL;undefined;CEL_LGD;undefined;C92_1_CATEGO;'0811';WHERE t1.CAT_OTHER_RETAIL=1;GROUP BY t1.CAT_OTHER_RETAIL;
text.sas;43;WORK;C92_1_CATEGO;t1;WORK;C92_1_CATEGO_OTHER_RETAIL;undefined;ROW;undefined;C92_1_CATEGO;'R110';WHERE t1.CAT_OTHER_RETAIL=1;GROUP BY t1.CAT_OTHER_RETAIL;
text.sas;44;WORK;C92_1_CATEGO;t1;WORK;C92_1_CATEGO_TOTAL;undefined;PDxEAD;undefined;C92_1_CATEGO;(SUM(t1.PDxEAD));WHERE t1.CAT_TOTAL=1;GROUP BY t1.CAT_TOTAL;
text.sas;44;WORK;C92_1_CATEGO;t1;WORK;C92_1_CATEGO_TOTAL;undefined;C110_EAD;undefined;C92_1_CATEGO;(SUM(t1.C110_EAD));WHERE t1.CAT_TOTAL=1;GROUP BY t1.CAT_TOTAL;
text.sas;44;WORK;C92_1_CATEGO;t1;WORK;C92_1_CATEGO_TOTAL;undefined;LGDxEAD_noEEFF;undefined;C92_1_CATEGO;(SUM(t1.LGDxEAD_noEEFF));WHERE t1.CAT_TOTAL=1;GROUP BY t1.CAT_TOTAL;
text.sas;44;WORK;C92_1_CATEGO;t1;WORK;C92_1_CATEGO_TOTAL;undefined;C140_EAD_EEFF;undefined;C92_1_CATEGO;(SUM(t1.C140_EAD_EEFF));WHERE t1.CAT_TOTAL=1;GROUP BY t1.CAT_TOTAL;
text.sas;44;WORK;C92_1_CATEGO;t1;WORK;C92_1_CATEGO_TOTAL;undefined;EAD_no_EEFF;undefined;C92_1_CATEGO;(SUM(t1.EAD_no_EEFF));WHERE t1.CAT_TOTAL=1;GROUP BY t1.CAT_TOTAL;
text.sas;44;WORK;C92_1_CATEGO;t1;WORK;C92_1_CATEGO_TOTAL;undefined;CEL_PD;undefined;C92_1_CATEGO;'0715';WHERE t1.CAT_TOTAL=1;GROUP BY t1.CAT_TOTAL;
text.sas;44;WORK;C92_1_CATEGO;t1;WORK;C92_1_CATEGO_TOTAL;undefined;CEL_LGD;undefined;C92_1_CATEGO;'0815';WHERE t1.CAT_TOTAL=1;GROUP BY t1.CAT_TOTAL;
text.sas;44;WORK;C92_1_CATEGO;t1;WORK;C92_1_CATEGO_TOTAL;undefined;ROW;undefined;C92_1_CATEGO;'R150';WHERE t1.CAT_TOTAL=1;GROUP BY t1.CAT_TOTAL;
text.sas;45;WORK;C92_1_CATEGO;t1;WORK;C92_1_CATEGO_RESTO;undefined;t1.PDxEAD;t1;C92_1_CATEGO;PDxEAD;;;
text.sas;45;WORK;C92_1_CATEGO;t1;WORK;C92_1_CATEGO_RESTO;undefined;t1.C110_EAD;t1;C92_1_CATEGO;C110_EAD;;;
text.sas;45;WORK;C92_1_CATEGO;t1;WORK;C92_1_CATEGO_RESTO;undefined;t1.LGDxEAD_noEEFF;t1;C92_1_CATEGO;LGDxEAD_noEEFF;;;
text.sas;45;WORK;C92_1_CATEGO;t1;WORK;C92_1_CATEGO_RESTO;undefined;t1.C140_EAD_EEFF;t1;C92_1_CATEGO;C140_EAD_EEFF;;;
text.sas;45;WORK;C92_1_CATEGO;t1;WORK;C92_1_CATEGO_RESTO;undefined;t1.EAD_no_EEFF;t1;C92_1_CATEGO;EAD_no_EEFF;;;
text.sas;45;WORK;C92_1_CATEGO;t1;WORK;C92_1_CATEGO_RESTO;undefined;CEL_PD;undefined;C92_1_CATEGO;when DATA_EXTRA='006' then '0702' when DATA_EXTRA='007' then '0705' when DATA_EXTRA='013' then '0708' when DATA_EXTRA='014' then '0709' when DATA_EXTRA='015' then '0710' when DATA_EXTRA='016' then '0712' when DATA_EXTRA='017' then '0713' else '' end ;;;
text.sas;45;WORK;C92_1_CATEGO;t1;WORK;C92_1_CATEGO_RESTO;undefined;CEL_LGD;undefined;C92_1_CATEGO;when DATA_EXTRA='006' then '0802' when DATA_EXTRA='007' then '0805' when DATA_EXTRA='013' then '0808' when DATA_EXTRA='014' then '0809' when DATA_EXTRA='015' then '0810' when DATA_EXTRA='016' then '0812' when DATA_EXTRA='017' then '0813' else '' end ;;;
text.sas;45;WORK;C92_1_CATEGO;t1;WORK;C92_1_CATEGO_RESTO;undefined;ROW;undefined;C92_1_CATEGO;when DATA_EXTRA='006' then 'R020' when DATA_EXTRA='007' then 'R050' when DATA_EXTRA='013' then 'R080' when DATA_EXTRA='014' then 'R090' when DATA_EXTRA='015' then 'R100' when DATA_EXTRA='016' then 'R120' when DATA_EXTRA='017' then 'R130' else '' end;;;
text.sas;46;WORK;C92_1_CATEGO_RESTO;undefined;WORK;C92_PD_LGD_1;undefined;NO;COLUMNS;DEFINED;;;;
text.sas;46;WORK;C92_1_CATEGO_TOTAL;undefined;WORK;C92_PD_LGD_1;undefined;NO;COLUMNS;DEFINED;;;;
text.sas;46;WORK;C92_1_CATEGO_CORP;undefined;WORK;C92_PD_LGD_1;undefined;NO;COLUMNS;DEFINED;;;;
text.sas;46;WORK;C92_1_CATEGO_RETAIL;undefined;WORK;C92_PD_LGD_1;undefined;NO;COLUMNS;DEFINED;;;;
text.sas;46;WORK;C92_1_CATEGO_HIPO;undefined;WORK;C92_PD_LGD_1;undefined;NO;COLUMNS;DEFINED;;;;
text.sas;46;WORK;C92_1_CATEGO_OTHER_RETAIL;undefined;WORK;C92_PD_LGD_1;undefined;NO;COLUMNS;DEFINED;;;;
text.sas;47;WORK;C92_PD_LGD_1;undefined;WORK;ORDEN_C92;undefined;NO;COLUMNS;DEFINED;;;;BY ROW
text.sas;48;WORK;ORDEN_C92;t1;BSCO_4;C92_PD_LGD_2_CONSO;undefined;t1.CEL_PD;t1;ORDEN_C92;CEL_PD;WHERE t1.CEL_PD NOT='' ;;;
text.sas;48;WORK;ORDEN_C92;t1;BSCO_4;C92_PD_LGD_2_CONSO;undefined;t1.CEL_LGD;t1;ORDEN_C92;CEL_LGD;WHERE t1.CEL_PD NOT='' ;;;
text.sas;48;WORK;ORDEN_C92;t1;BSCO_4;C92_PD_LGD_2_CONSO;undefined;t1.ROW;t1;ORDEN_C92;ROW;WHERE t1.CEL_PD NOT='' ;;;
text.sas;48;WORK;ORDEN_C92;t1;BSCO_4;C92_PD_LGD_2_CONSO;undefined;data_extra;undefined;ORDEN_C92;'X1';WHERE t1.CEL_PD NOT='' ;;;
text.sas;48;WORK;ORDEN_C92;t1;BSCO_4;C92_PD_LGD_2_CONSO;undefined;PD;undefined;ORDEN_C92;(PDxEAD/C110_EAD);WHERE t1.CEL_PD NOT='' ;;;
text.sas;48;WORK;ORDEN_C92;t1;BSCO_4;C92_PD_LGD_2_CONSO;undefined;LGD;undefined;ORDEN_C92;(t1.LGDxEAD_noEEFF/t1.EAD_no_EEFF);WHERE t1.CEL_PD NOT='' ;;;
